source_row_id,line_id,txn_date,value_date,narration,credit_paise,debit_paise,balance_paise,ref_no
bank:2,bank_00000,2026-07-21,2026-07-21,NEFT-NOREF-SETTLEMENT-A,31305566,0,33805566,NOREF-A
bank:3,bank_00001,2026-07-21,2026-07-21,IMPS-NOREF-SETTLEMENT-B,31305566,0,65111132,NOREF-B
bank:4,bank_00002,2026-07-23,2026-07-23,IMPS/P2A/2092973521xwnpjk/RAZORPAYSOF/UTIB0000123,38889906,0,104001038,2092973521xwnpjk
bank:6,bank_00003,2026-07-24,2026-07-24,NEFT-JLPW1OWOIO11F6WC-RAZORPAY SOFTWARE PVT LTD-SETL,24701810,0,167593531,JLPW1OWOIO11F6WC
bank:10,bank_00004,2026-07-27,2026-07-27,IMPS/P2A/071261/RAZORPAYSOF/UTIB0000123,9226442,0,218242386,823601071261
bank:7,bank_00005,2026-07-24,2026-07-24,IMPS/P2A/I76484673571/RAZORPAYSOF/UTIB0000123,16621838,0,184215369,176484673571
bank:11,bank_00006,2026-07-28,2026-07-28,IMPS/P2A/194425-8921llwzdy/RAZORPAYSOF/UTIB0000123,35019662,0,253262048,1944258921llwzdy
bank:12,bank_00008,2026-07-29,2026-07-29,NEFT-YMFM1D6SZO4XYEUR-RAZORPAY SOFTWARE PVT LTD-SETL,28633281,0,281895329,YMFM1D6SZO4XYEUR
bank:13,bank_00009,2026-07-31,2026-07-31,BY TRANSFER-NEFT*HDFC0000001*NXIC1EVV1RBFYNU2*RAZORPAY SOFT,36805937,0,318701266,NXIC1EVV1RBFYNU2
bank:14,bank_00010,2026-08-03,2026-08-03,NEFT-FVAC15GIFJTEMP1Z-RAZORPAY SOFTWARE PVT LTD-SETL,35587360,0,354288626,FVAC15GIFJTEMP1Z
bank:15,bank_00011,2026-08-03,2026-08-03,NEFT-PHCZ1LI2YB3V7848-RAZORPAY SOFTWARE PVT LTD-SETL,19832589,0,374121215,PHCZ1LI2YB3V7848
bank:16,bank_00012,2026-08-04,2026-08-04,NEFT-31916543016vlohj-RAZORPAY SOFTWARE PVT LTD-SETL,110112628,0,484233843,31916543016vlohj
bank:17,bank_00013,2026-08-06,2026-08-06,IMPS/P2A/974700026871/RAZORPAYSOF/UTIB0000123,38463880,0,522697723,974700026871
bank:18,bank_00014,2026-08-06,2026-08-06,NEFT-163656045001-RAZORPAY SOFTWARE PVT LTD-SETL,32948344,0,555646067,163656045001
bank:19,bank_00015,2026-08-07,2026-08-07,NEFT-FOOC1HWIYOUNDX3A-RAZORPAY SOFTWARE PVT LTD-SETL,8977619,0,564623686,FOOC1HWIYOUNDX3A
bank:20,bank_00016,2026-08-10,2026-08-10,BY TRANSFER-NEFT*HDFC0000001*594898959651*RAZORPAY SOFT,12924054,0,577547740,594898959651
bank:21,bank_00017,2026-08-10,2026-08-10,NEFT-HJWI1ETHZPPQR2SO-RAZORPAY SOFTWARE PVT LTD-SETL,26875300,0,604423040,HJWI1ETHZPPQR2SO
bank:22,bank_00018,2026-08-11,2026-08-11,BY TRANSFER-NEFT*HDFC0000001*HBSK160I4N87RGPK*RAZORPAY SOFT,121357514,0,725780554,HBSK160I4N87RGPK
bank:23,bank_00019,2026-08-13,2026-08-13,IMPS/P2A/7548534651v4iicp/RAZORPAYSOF/UTIB0000123,23039759,0,748820313,7548534651v4iicp
bank:24,bank_00020,2026-08-13,2026-08-13,BY TRANSFER-NEFT*HDFC0000001*BAEX1WGIHN3VZW7Z*RAZORPAY SOFT,22137129,0,770957442,BAEX1WGIHN3VZW7Z
bank:25,bank_00021,2026-08-14,2026-08-14,NEFT-STGC1QX9TMQUZYOF-RAZORPAY SOFTWARE PVT LTD-SETL,26243856,0,797201298,STGC1QX9TMQUZYOF
bank:26,bank_00022,2026-08-18,2026-08-18,BY TRANSFER-NEFT*HDFC0000001*VXEB1PMT3SLQ0NGB*RAZORPAY SOFT,32172208,0,829373506,VXEB1PMT3SLQ0NGB
bank:27,bank_00023,2026-08-18,2026-08-18,NEFT-8008529461djf52s-RAZORPAY SOFTWARE PVT LTD-SETL,28019765,0,857393271,8008529461djf52s
bank:28,bank_00024,2026-08-20,2026-08-20,BY TRANSFER-NEFT*HDFC0000001*5022894661vl2vkm*RAZORPAY SOFT,10000,0,857403271,5022894661vl2vkm
bank:29,bank_00025,2026-08-21,2026-08-21,IMPS/P2A/330303346771/RAZORPAYSOF/UTIB0000123,10000,0,857413271,330303346771
bank:injected-clone,bank_clone_42,2026-07-24,2026-07-24,NEFT-JLPW1OWOIO11F6WC-RAZORPAY SOFTWARE PVT LTD-SETL,24701810,0,208917179,JLPW1OWOIO11F6WC
bank:injected-duplicate-utr,bank_dup_utr_42,2026-07-23,2026-07-23,IMPS/P2A/2092973521xwnpjk/RAZORPAYSOF/UTIB0000123,38890683,0,142891721,2092973521xwnpjk
bank:injected-unknown,bank_unknown_42,2026-07-24,2026-07-24,NEFT-UNRELATED-VENDOR-UNKNOWNREF,98765,0,209015944,UNKNOWNREF
