source_row_id,order_id,created_at,amount_paise,status,channel,payment_id
orders:2,order_000000,2026-08-05T10:01:00,138810,PAID,NETBANKING,pay_VgRV5IfLBcbfno
orders:3,order_000001,2026-08-07T17:26:00,207314,PAID,UPI,pay_3aWZkSBvrjn9Wv
orders:4,order_000002,2026-08-12T14:38:00,1338283,PAID,UPI,pay_Ih7yfJs1ON43xK
orders:5,order_000003,2026-07-23T13:05:00,374072,PAID,UPI,pay_DO1xkxwnQrS7RP
orders:6,order_000004,2026-08-08T12:10:00,2448203,PAID,CARD,pay_OSJoRu1XXdo0cZ
orders:7,order_000005,2026-08-14T14:13:00,1959920,PAID,CARD,pay_PDjqipVJIqVLB5
orders:8,order_000006,2026-07-20T17:31:00,1857623,PAID,UPI,
orders:9,order_000007,2026-08-06T10:43:00,1482998,PAID,CARD,pay_vhsBkDa9U4UqGW
orders:10,order_000008,2026-08-05T13:53:00,113320,PAID,CARD,pay_xWkI9X7H6aMuFb
orders:11,order_000009,2026-08-11T13:15:00,814906,PAID,UPI,pay_ffUF0eWIXiiQE8
orders:12,order_000010,2026-08-04T15:13:00,1197654,PAID,CARD,pay_TtzQPxC5HChpoe
orders:13,order_000011,2026-08-03T12:00:00,23613,PAID,UPI,pay_e5c3veGprQFnIi
orders:14,order_000012,2026-07-31T12:50:00,105095,PAID,CARD,pay_gQBwBAD3UdRPPg
orders:15,order_000013,2026-08-12T10:15:00,515116,PAID,UPI,pay_BlrDp37eCZ32Jg
orders:16,order_000014,2026-07-18T12:10:00,128534,PAID,UPI,pay_z5dkyayq7YYDsB
orders:17,order_000015,2026-08-02T16:09:00,2346918,PAID,UPI,pay_LVIdVuddLEG62H
orders:18,order_000016,2026-07-21T10:38:00,152472,PAID,UPI,pay_h84KpLMcNfAQLK
orders:19,order_000017,2026-08-07T14:15:00,1136151,PAID,UPI,pay_tDu7W7eaDNKgeI
orders:20,order_000018,2026-07-27T10:56:00,76836,PAID,UPI,pay_1ITtNZPHaQ0Jt7
orders:21,order_000019,2026-07-19T10:47:00,212275,PAID,CARD,pay_nTvnRO2qGFq562
orders:22,order_000020,2026-07-24T09:00:00,1023694,PAID,UPI,
orders:23,order_000021,2026-07-27T17:09:00,251132,PAID,CARD,pay_57Y3c5wnRpQgwX
orders:24,order_000022,2026-08-04T11:59:00,2383150,PAID,UPI,pay_Zl4AblV7vY7AZQ
orders:25,order_000023,2026-07-21T10:24:00,137949,PAID,UPI,pay_06Dwt0Y3oobQmz
orders:26,order_000024,2026-08-09T13:22:00,1162436,PAID,CARD,pay_1Iv8bh4qlL9qcg
orders:27,order_000025,2026-07-26T15:38:00,2025635,PAID,CARD,pay_mqcTBaH7ZIRU8V
orders:28,order_000026,2026-07-18T14:39:00,53595,PAID,UPI,pay_5tGtQAuzSsJimA
orders:29,order_000027,2026-08-13T11:39:00,761084,PAID,CARD,pay_atsnBYLMPuDCCR
orders:30,order_000028,2026-08-10T11:42:00,1110144,PAID,UPI,pay_Nvf08WpRtoZmjb
orders:31,order_000029,2026-08-09T10:29:00,838521,PAID,UPI,pay_TSyFzpjPSa5W3X
orders:32,order_000030,2026-07-21T17:29:00,2106751,PAID,UPI,pay_hDiZDQHJMu8W5C
orders:33,order_000031,2026-07-29T17:28:00,574909,PAID,UPI,pay_qWp1OrXXHFOprC
orders:34,order_000032,2026-07-26T14:57:00,71533,PARTIAL_REFUND,CARD,pay_ySjTneAAvIDAdn
orders:35,order_000033,2026-08-02T17:51:00,607344,PAID,CARD,
orders:36,order_000034,2026-08-14T15:37:00,32512,PAID,CARD,pay_Bi3DldqyunDuvW
orders:37,order_000035,2026-08-11T15:16:00,1409177,PAID,UPI,pay_d8woPeX9PcWb8p
orders:38,order_000036,2026-07-23T11:30:00,2247134,PAID,NETBANKING,pay_DSqXxkMM9VThX0
orders:39,order_000037,2026-07-16T13:36:00,365025,PAID,NETBANKING,pay_8TmeLS1OpgSXt2
orders:40,order_000038,2026-08-03T09:22:00,356247,PAID,CARD,pay_GPva2A0FgB9xO5
orders:41,order_000039,2026-07-21T17:41:00,2116556,PAID,UPI,pay_XEDB0ULru2p17f
orders:42,order_000040,2026-07-30T15:21:00,277501,PAID,UPI,pay_FnwZqvr4MS4rJa
orders:43,order_000041,2026-08-08T15:31:00,1200199,PAID,CARD,pay_PTFCYbfsozSptQ
orders:44,order_000042,2026-07-27T15:47:00,1242602,PAID,CARD,pay_rtqohUmuhVI8WS
orders:45,order_000043,2026-07-24T17:38:00,1737775,PAID,UPI,pay_soxltaTIircdJs
orders:46,order_000044,2026-08-09T16:06:00,562528,PAID,UPI,pay_Cvl9dq83Eh0ezF
orders:47,order_000045,2026-07-20T11:51:00,33030,PAID,CARD,
orders:48,order_000046,2026-07-29T13:36:00,2305695,REFUNDED,CARD,pay_g8WnOnqQfkplJe
orders:49,order_000047,2026-08-03T12:27:00,1057285,PAID,UPI,pay_6r0jedkYtMV0K6
orders:50,order_000048,2026-07-25T15:17:00,491207,PAID,CARD,pay_Mc4BVuMqbfo9R1
orders:51,order_000049,2026-08-09T13:36:00,91269,PAID,UPI,pay_HPC6rlLBO0FfEw
orders:52,order_000050,2026-08-12T11:21:00,221427,PAID,UPI,pay_8z0WJcDfuquhXz
orders:53,order_000051,2026-08-06T17:29:00,682916,REFUNDED,UPI,pay_NWFOCWdnrJi7sC
orders:54,order_000052,2026-07-19T11:31:00,1251549,PAID,NETBANKING,pay_A1EEpDJjym6MGV
orders:55,order_000053,2026-08-09T15:21:00,15016,PAID,CARD,pay_Ut1LLQF3jCIEwv
orders:56,order_000054,2026-08-14T14:55:00,156714,PAID,UPI,
orders:57,order_000055,2026-07-20T16:02:00,880557,PAID,UPI,pay_3g32CgH6DaUjA3
orders:58,order_000056,2026-08-10T13:21:00,1064384,PAID,CARD,pay_2v2R2Iy9uOT4WF
orders:59,order_000057,2026-07-23T13:14:00,2393504,PARTIAL_REFUND,NETBANKING,pay_WOT3gCkSt5bcuY
orders:60,order_000058,2026-08-14T11:14:00,539844,PAID,CARD,
orders:61,order_000059,2026-07-29T13:29:00,382752,PAID,UPI,pay_EgpyKwKsSsb1Qz
orders:62,order_000060,2026-08-09T09:58:00,1738647,PAID,CARD,pay_5sXZoMZwoOmNqR
orders:63,order_000061,2026-08-11T11:40:00,1053124,PAID,UPI,pay_tYCcLxUif6suVA
orders:64,order_000062,2026-08-13T14:33:00,1728866,PAID,CARD,
orders:65,order_000063,2026-07-23T15:54:00,1568567,PAID,CARD,
orders:66,order_000064,2026-07-31T09:39:00,939917,PAID,CARD,pay_PeO0D6StPAhic8
orders:67,order_000065,2026-07-23T17:08:00,1132136,PAID,UPI,pay_VS8IALVUj4APg1
orders:68,order_000066,2026-07-24T09:44:00,506419,PAID,UPI,
orders:69,order_000067,2026-07-18T12:41:00,16133,PAID,CARD,pay_YvpiYKne1WJnLn
orders:70,order_000068,2026-07-20T09:17:00,740204,PAID,UPI,pay_ZlhQ3biawYYpLu
orders:71,order_000069,2026-08-08T15:33:00,578623,PAID,UPI,pay_XxGLgCGo8NcUY6
orders:72,order_000070,2026-08-05T09:03:00,466547,PAID,CARD,pay_gFT6Ce5fuMjeir
orders:73,order_000071,2026-07-26T15:38:00,650120,PAID,CARD,pay_BgYSh2PP4XJU3n
orders:74,order_000072,2026-07-26T16:25:00,257750,PAID,UPI,pay_uQqx9jR7Eef1ff
orders:75,order_000073,2026-08-10T11:35:00,798717,PAID,UPI,
orders:76,order_000074,2026-07-19T17:13:00,139960,PAID,UPI,
orders:77,order_000075,2026-08-06T17:01:00,1724692,PAID,CARD,pay_rblrSWt6vwal3j
orders:78,order_000076,2026-08-08T09:05:00,366682,PAID,NETBANKING,pay_DvkxtUuX8KMf4d
orders:79,order_000077,2026-08-06T10:17:00,601130,PAID,CARD,pay_CArnWGhwBhsRRL
orders:80,order_000078,2026-07-23T15:38:00,240771,FAILED,UPI,
orders:81,order_000079,2026-07-22T11:48:00,50774,PAID,UPI,pay_FVBliyIToGJ1QZ
orders:82,order_000080,2026-07-17T15:01:00,1861935,PAID,CARD,pay_KBKzTOAshzb9uk
orders:83,order_000081,2026-08-07T14:05:00,162119,PAID,CARD,pay_LzHfz3tVvovXke
orders:84,order_000082,2026-07-22T14:22:00,1050242,PAID,NETBANKING,
orders:85,order_000083,2026-08-09T16:43:00,2433514,PAID,CARD,pay_u3OujCeECOtYrL
orders:86,order_000084,2026-07-30T16:02:00,219796,PAID,UPI,pay_P32fNMGyDLJ9YV
orders:87,order_000085,2026-08-03T12:20:00,71556,PAID,CARD,pay_dCgZ51vTfGPlcp
orders:88,order_000086,2026-08-04T11:23:00,387977,PAID,UPI,pay_XvRMdYOPvevgJR
orders:89,order_000087,2026-08-06T11:21:00,64704,PAID,UPI,pay_wt9PSQziMT8ftJ
orders:90,order_000088,2026-07-20T17:05:00,657522,PAID,CARD,pay_bxtl8nv8XFmoij
orders:91,order_000089,2026-08-01T17:53:00,18540,PAID,NETBANKING,pay_v4XNiMyjkl1SXN
orders:92,order_000090,2026-07-17T15:23:00,2351153,PAID,NETBANKING,
orders:93,order_000091,2026-08-03T16:29:00,377378,PAID,NETBANKING,pay_HA9k0mZMi3qdPE
orders:94,order_000092,2026-08-07T17:54:00,1462133,PAID,UPI,pay_rC5Gj1Bf86o0C4
orders:95,order_000093,2026-07-28T17:23:00,31548,PAID,UPI,
orders:96,order_000094,2026-07-20T16:28:00,30597,FAILED,CARD,
orders:97,order_000095,2026-07-24T12:53:00,1329243,PAID,UPI,pay_HBhXspthdpAOYN
orders:98,order_000096,2026-07-31T17:01:00,160457,PAID,CARD,
orders:99,order_000097,2026-08-02T17:50:00,393848,PAID,CARD,pay_EcOyxqVbwYewpU
orders:100,order_000098,2026-08-08T14:08:00,299816,PAID,UPI,pay_Pl1XRDSEOlZieT
orders:101,order_000099,2026-07-22T09:50:00,262507,PAID,UPI,pay_tGz0IEqcWPmsw3
orders:102,order_000100,2026-07-24T10:51:00,412643,PAID,UPI,pay_C59yvlFSFx7ZHr
orders:103,order_000101,2026-07-29T11:34:00,30931,PAID,UPI,pay_QstCMTBkSCwCcU
orders:104,order_000102,2026-07-29T13:40:00,1024959,PARTIAL_REFUND,UPI,pay_xGZVRk8bj2MRYC
orders:105,order_000103,2026-07-20T17:23:00,208004,PAID,UPI,pay_9hbVlFHy6JhqXq
orders:106,order_000104,2026-07-25T16:12:00,28627,PAID,UPI,pay_l5TCfZR92uQwTe
orders:107,order_000105,2026-08-12T11:45:00,1025553,PAID,NETBANKING,pay_YxGohmYipYFbxJ
orders:108,order_000106,2026-08-02T11:39:00,408950,REFUNDED,UPI,pay_TUEHAXA0KeiuPe
orders:109,order_000107,2026-08-01T11:19:00,2186231,PAID,UPI,pay_ow88H5s2fqmO9J
orders:110,order_000108,2026-08-02T10:32:00,2218259,PAID,CARD,pay_jkQNU5Mv17Kc03
orders:111,order_000109,2026-08-09T13:41:00,446258,PAID,UPI,pay_ObF4OIsP9tEpZZ
orders:112,order_000110,2026-08-07T09:10:00,551030,PAID,CARD,pay_vMju3TuU3wziWx
orders:113,order_000111,2026-07-30T10:17:00,38290,PAID,CARD,pay_s8y3NAp935k0u7
orders:114,order_000112,2026-07-21T16:32:00,251565,PAID,CARD,pay_bf8zGD9pnLwdds
orders:115,order_000113,2026-08-06T16:18:00,43715,FAILED,CARD,
orders:116,order_000114,2026-07-20T13:46:00,347766,PAID,UPI,pay_zdKJmxJseyGCWJ
orders:117,order_000115,2026-07-19T11:06:00,2434768,PAID,UPI,pay_J8xWjmMGzGccci
orders:118,order_000116,2026-07-30T11:38:00,2170607,PAID,CARD,pay_ukzNV1tLvG1GIF
orders:119,order_000117,2026-07-16T14:21:00,446161,PAID,NETBANKING,
orders:120,order_000118,2026-08-08T09:37:00,998246,PAID,CARD,pay_NX1yj0RpcK8Shm
orders:121,order_000119,2026-07-29T12:26:00,2120686,PAID,CARD,pay_32VUdTiHnJuQEH
orders:122,order_000120,2026-08-02T14:34:00,1885768,PAID,UPI,
orders:123,order_000121,2026-08-07T12:44:00,587075,PAID,NETBANKING,pay_J77YUrshKRIy5z
orders:124,order_000122,2026-07-25T09:18:00,2136677,PARTIAL_REFUND,NETBANKING,pay_PqVEnm0Ir7JSri
orders:125,order_000123,2026-08-02T11:26:00,1932390,PAID,CARD,pay_EPmW9susPd6XfP
orders:126,order_000124,2026-08-12T09:58:00,1758431,PAID,UPI,pay_76c1zYFl7V937s
orders:127,order_000125,2026-08-04T10:59:00,2446119,PAID,UPI,pay_IHF48i2GDrmZhv
orders:128,order_000126,2026-08-07T11:00:00,231292,PAID,NETBANKING,pay_RWmlN2O5z0BGuf
orders:129,order_000127,2026-07-20T16:20:00,380616,FAILED,UPI,
orders:130,order_000128,2026-07-30T13:21:00,830548,PAID,UPI,
orders:131,order_000129,2026-07-25T10:40:00,136204,PAID,UPI,pay_9iEjDVMxASJ6EW
orders:132,order_000130,2026-08-09T12:43:00,1555582,PAID,NETBANKING,pay_HCHTxe6Khd1J5G
orders:133,order_000131,2026-07-26T17:28:00,1292218,PAID,UPI,pay_Ff5GCZdDiGADKd
orders:134,order_000132,2026-08-08T09:25:00,1397217,PAID,UPI,pay_LecBwSeId75e7E
orders:135,order_000133,2026-07-20T15:23:00,2105133,PAID,UPI,
orders:136,order_000134,2026-08-08T12:53:00,2394248,PAID,UPI,pay_DRUIBIy0opDwjr
orders:137,order_000135,2026-07-19T09:51:00,1473292,PAID,CARD,pay_44bpnegMcCMRT3
orders:138,order_000136,2026-07-30T12:34:00,1511652,PAID,UPI,pay_iGso06UKuKMXR0
orders:139,order_000137,2026-08-06T17:14:00,24233,PAID,UPI,pay_8L4V6lORBJFdw8
orders:140,order_000138,2026-07-26T15:26:00,99021,PAID,UPI,pay_IEp2ot2TjZD6dJ
orders:141,order_000139,2026-07-20T15:15:00,1054297,PAID,UPI,pay_7C2xfIU1mdryRM
orders:142,order_000140,2026-08-10T17:13:00,2059430,PAID,CARD,pay_t96an7m9VhVWE6
orders:143,order_000141,2026-07-28T12:35:00,375084,PAID,UPI,pay_IPwtqxG4FDgZUE
orders:144,order_000142,2026-07-27T14:26:00,136671,PAID,UPI,pay_jbqJ7LLUAsjmvo
orders:145,order_000143,2026-08-02T14:16:00,2336333,PAID,NETBANKING,
orders:146,order_000144,2026-07-17T17:02:00,1124582,PAID,UPI,pay_WaAi1OoeTjanGD
orders:147,order_000145,2026-08-14T16:42:00,718876,FAILED,CARD,
orders:148,order_000146,2026-07-29T09:01:00,728233,PAID,CARD,pay_sbG0SRBZ86lg6g
orders:149,order_000147,2026-08-01T13:52:00,406454,PAID,UPI,
orders:150,order_000148,2026-07-18T15:24:00,22824,PAID,UPI,pay_aSkfF2BPYvK2g5
orders:151,order_000149,2026-08-13T16:17:00,1179080,PAID,UPI,pay_r5IKQcl72ub9nL
orders:152,order_000150,2026-07-28T10:19:00,813043,PAID,UPI,pay_2yR5IvyWViYSUf
orders:153,order_000151,2026-07-29T12:53:00,1484553,PAID,UPI,
orders:154,order_000152,2026-08-03T15:05:00,1597676,PAID,NETBANKING,pay_TefrjyTYOjVyux
orders:155,order_000153,2026-07-30T14:48:00,33937,PAID,UPI,pay_BCJJGAgbfwJfMM
orders:156,order_000154,2026-07-25T15:24:00,2032934,PARTIAL_REFUND,NETBANKING,pay_5pKHkRykirtrFj
orders:157,order_000155,2026-07-25T09:25:00,373626,PAID,UPI,
orders:158,order_000156,2026-07-21T15:20:00,1010405,PAID,UPI,pay_9KYpuyr0Yzxh7K
orders:159,order_000157,2026-08-09T17:01:00,1261932,PAID,NETBANKING,pay_CZs1Se02YYARFi
orders:160,order_000158,2026-07-20T15:50:00,2453996,PARTIAL_REFUND,UPI,pay_ELzIG763SAIcY9
orders:161,order_000159,2026-08-10T15:06:00,137471,PARTIAL_REFUND,UPI,pay_VHJLSKoCxzDXRL
orders:162,order_000160,2026-08-10T12:33:00,38682,PAID,CARD,pay_USCuetcZThb2vP
orders:163,order_000161,2026-08-08T12:33:00,287242,PAID,UPI,pay_B9DoZzOllOQBzb
orders:164,order_000162,2026-08-03T15:24:00,120232,PAID,UPI,pay_WTZYeKgZ3Ilxum
orders:165,order_000163,2026-07-31T17:40:00,943639,PAID,UPI,pay_Lhww2DNl0RTZt6
orders:166,order_000164,2026-07-26T10:15:00,361303,PAID,UPI,
orders:167,order_000165,2026-08-02T11:31:00,260917,PAID,UPI,pay_CNd3w8aFim0y9J
orders:168,order_000166,2026-07-31T15:45:00,31983,PAID,CARD,pay_bYWoscroIskXDK
orders:169,order_000167,2026-08-01T10:36:00,747986,PAID,UPI,pay_xI0WcWUCInBgV1
orders:170,order_000168,2026-07-17T16:16:00,33801,PAID,UPI,pay_3hXZpnZVLSw3TN
orders:171,order_000169,2026-08-10T12:52:00,822587,PAID,UPI,
orders:172,order_000170,2026-07-20T15:58:00,1883152,PAID,UPI,pay_iS3ipjTu1pW1Rz
orders:173,order_000171,2026-08-05T15:24:00,1583996,PARTIAL_REFUND,CARD,pay_XfzGVrS74xD8Fu
orders:174,order_000172,2026-07-31T13:20:00,845008,PAID,UPI,pay_K2FYv5RWdcgOY1
orders:175,order_000173,2026-07-21T16:29:00,469785,PAID,UPI,pay_S6i4Ptk374rfPx
orders:176,order_000174,2026-08-05T11:03:00,1324741,PAID,UPI,pay_WoBPfTganEeiLo
orders:177,order_000175,2026-08-07T14:52:00,458197,PAID,UPI,pay_iEeoyfUZggux4t
orders:178,order_000176,2026-08-12T11:41:00,714375,PAID,NETBANKING,pay_aNPkCwUnOVj6AN
orders:179,order_000177,2026-08-13T10:08:00,1339289,PAID,NETBANKING,pay_w9BuYiprPfpJMM
orders:180,order_000178,2026-08-07T09:54:00,119886,PAID,CARD,pay_MGmVzsPdY5Y9pF
orders:181,order_000179,2026-08-04T10:33:00,2182453,PAID,UPI,pay_iy31KAxIRlWE9X
orders:182,order_000180,2026-07-24T12:02:00,408584,PAID,UPI,pay_sOTGXABSzfOIIN
orders:183,order_000181,2026-08-01T12:51:00,394387,PAID,UPI,pay_OW1PRPetSBU92p
orders:184,order_000182,2026-07-19T16:39:00,1117500,REFUNDED,CARD,pay_QVlhaTiSakF8wH
orders:185,order_000183,2026-08-01T10:16:00,993586,PAID,NETBANKING,pay_FDGxdF2KkxkqXg
orders:186,order_000184,2026-07-23T17:00:00,15375,PAID,UPI,pay_cExy6jl792cJZ6
orders:187,order_000185,2026-07-26T12:26:00,1710443,PAID,NETBANKING,pay_KxhGR5dloZHc9z
orders:188,order_000186,2026-08-09T13:20:00,15157,PAID,UPI,pay_msKYtVNpDxLFXX
orders:189,order_000187,2026-08-10T12:09:00,16420,PAID,UPI,pay_IwO1S4a8vaWQy2
orders:190,order_000188,2026-08-01T12:26:00,2365490,PAID,CARD,pay_jTrfc6o52HAS5x
orders:191,order_000189,2026-07-19T17:08:00,28915,PAID,CARD,pay_KdBQ9ipsq2u7Zz
orders:192,order_000190,2026-07-30T13:14:00,61038,PAID,UPI,pay_XLgjgkCDuAhIw9
orders:193,order_000191,2026-07-24T10:05:00,244978,PAID,UPI,pay_TSMcn12ujfTp9w
orders:194,order_000192,2026-07-24T11:01:00,783075,PAID,UPI,pay_JpgDgZYihad1Xo
orders:195,order_000193,2026-08-06T10:37:00,1656486,PAID,CARD,pay_bem5PCZif521Zv
orders:196,order_000194,2026-08-14T15:52:00,17159,PAID,NETBANKING,pay_RBlwn6lrrC4jcN
orders:197,order_000195,2026-07-31T15:56:00,34122,PAID,CARD,
orders:198,order_000196,2026-07-31T17:50:00,810103,PAID,CARD,pay_uyrlbuMob5ZXrd
orders:199,order_000197,2026-08-09T12:10:00,159514,PAID,UPI,
orders:200,order_000198,2026-07-23T14:51:00,2090868,PAID,NETBANKING,
orders:201,order_000199,2026-07-31T09:05:00,133975,PAID,UPI,pay_HEav6NmZivTl6Z
orders:202,order_000200,2026-07-20T11:49:00,1855768,PAID,UPI,pay_9exT8QzLgvtuik
orders:203,order_000201,2026-07-31T14:11:00,1210349,PAID,NETBANKING,pay_7NYwoQL0lytUSs
orders:204,order_000202,2026-08-07T15:54:00,17605,PAID,NETBANKING,pay_Mu6Z9NoOKg7Fjv
orders:205,order_000203,2026-07-26T11:40:00,1130598,PAID,UPI,pay_U4vCaqnpSewqYg
orders:206,order_000204,2026-08-08T15:10:00,371406,PAID,UPI,pay_Iyg1EY3KPWRokC
orders:207,order_000205,2026-07-16T14:16:00,86905,PARTIAL_REFUND,UPI,pay_ykUeJ85fvMN5ET
orders:208,order_000206,2026-07-23T10:03:00,1767808,PAID,UPI,pay_jdxaBfs0QOMEmg
orders:209,order_000207,2026-07-18T16:54:00,407581,PAID,UPI,pay_F5QqfPIylx4yxl
orders:210,order_000208,2026-07-24T12:53:00,71758,PAID,UPI,pay_SQgfQwZIAWLoJd
orders:211,order_000209,2026-08-02T16:36:00,30491,PAID,UPI,
orders:212,order_000210,2026-07-21T12:51:00,460427,PAID,UPI,pay_RBm0Oj1Mqu6U6Z
orders:213,order_000211,2026-08-02T14:54:00,2105347,PAID,UPI,pay_aYSNLHYAhAjjKL
orders:214,order_000212,2026-08-03T10:50:00,1939977,PAID,UPI,pay_4AqyPFKMEclrzj
orders:215,order_000213,2026-07-17T15:56:00,21037,PAID,UPI,pay_E6r5xbv0Yttr1F
orders:216,order_000214,2026-08-12T12:08:00,502922,PAID,UPI,pay_0urUAMPfmCn60A
orders:217,order_000215,2026-07-27T09:32:00,1266169,REFUNDED,UPI,pay_ziX2H4Kblm41m1
orders:218,order_000216,2026-07-27T16:38:00,1897975,PAID,CARD,pay_LJwwk15qV1Sfsb
orders:219,order_000217,2026-08-09T12:54:00,1156288,PAID,UPI,pay_rPAGb3X9XRaE6i
orders:220,order_000218,2026-07-23T13:38:00,1265460,PAID,UPI,pay_rB5y2wDqnDtRH0
orders:221,order_000219,2026-08-01T14:35:00,213566,PAID,CARD,pay_RgEevrOu3rqPT8
orders:222,order_000220,2026-08-01T12:57:00,1614812,PAID,UPI,pay_MzQuRiUbPFsq6A
orders:223,order_000221,2026-08-07T12:21:00,1185515,PAID,NETBANKING,pay_OYE68QwGt2k1Q4
orders:224,order_000222,2026-07-20T13:46:00,98282,PAID,CARD,pay_R5vPfowoV3tAY4
orders:225,order_000223,2026-07-30T10:30:00,861289,PAID,UPI,pay_8NeE4mGh3RyHtA
orders:226,order_000224,2026-07-22T14:26:00,2434089,PAID,CARD,pay_ju3TlXfFvOluOd
orders:227,order_000225,2026-08-09T11:36:00,1547142,PAID,NETBANKING,pay_XfiNBOBzB9Eyac
orders:228,order_000226,2026-07-16T14:48:00,1153100,PAID,CARD,pay_OUpoS4wtigyGLt
orders:229,order_000227,2026-07-25T16:46:00,298619,PAID,CARD,pay_4Riv5FwWmk866Z
orders:230,order_000228,2026-07-20T12:46:00,85961,PAID,UPI,
orders:231,order_000229,2026-08-11T09:03:00,505576,PAID,NETBANKING,pay_hJqESjnSROatAQ
orders:232,order_000230,2026-08-04T11:26:00,963153,PAID,UPI,pay_shYgFmMmXq1Hmw
orders:233,order_000231,2026-08-02T16:58:00,589128,PAID,UPI,pay_paaQf6h1KQFj8f
orders:234,order_000232,2026-07-19T13:41:00,2388417,PAID,UPI,pay_qDdg0l3c2sxZRu
orders:235,order_000233,2026-08-09T09:00:00,87249,PAID,UPI,pay_w5C9Nr4Ufx0vlh
orders:236,order_000234,2026-07-28T16:51:00,1593136,PAID,UPI,pay_hiSUd82kgA6LEZ
orders:237,order_000235,2026-07-28T14:39:00,1939166,PAID,UPI,pay_U5iE6Fh4ACceqP
orders:238,order_000236,2026-08-01T12:42:00,1192086,PAID,UPI,pay_NgBQUpEwQRPyj1
orders:239,order_000237,2026-07-17T09:41:00,562276,PAID,UPI,pay_F3keWFupvrdGoJ
orders:240,order_000238,2026-07-18T16:28:00,1838356,PAID,CARD,pay_CuhFVPbgzAcJJa
orders:241,order_000239,2026-08-04T13:56:00,1079812,PAID,CARD,pay_D8vx0d0o2DvJXN
orders:242,order_000240,2026-08-07T16:07:00,137191,PAID,UPI,pay_vw1O9ZsJHxSgc5
orders:243,order_000241,2026-08-08T15:06:00,102403,PAID,UPI,
orders:244,order_000242,2026-07-19T16:29:00,646724,PAID,CARD,pay_9FaHVdJ7B1LE7G
orders:245,order_000243,2026-08-03T11:46:00,1089352,PAID,UPI,
orders:246,order_000244,2026-07-20T11:26:00,1406954,PAID,CARD,pay_t1SJ3uTV7JOnmn
orders:247,order_000245,2026-08-14T11:45:00,93569,PAID,CARD,pay_ISOuThWwJELK8Q
orders:248,order_000246,2026-08-11T17:18:00,694017,PAID,UPI,pay_byjdQdmrWYksRq
orders:249,order_000247,2026-07-25T12:48:00,1661657,FAILED,CARD,
orders:250,order_000248,2026-07-19T17:55:00,797836,PAID,UPI,
orders:251,order_000249,2026-08-02T09:00:00,971965,PAID,NETBANKING,pay_X33C1o6OTTPxWL
orders:252,order_000250,2026-08-08T12:18:00,1173067,PAID,CARD,pay_l9lVGhycBrJqik
orders:253,order_000251,2026-07-30T11:02:00,900321,PAID,UPI,pay_X7ON1QtFYKJweY
orders:254,order_000252,2026-07-21T17:04:00,747916,PAID,CARD,pay_zfwo4nQvvxsn8W
orders:255,order_000253,2026-08-11T09:07:00,158551,PAID,NETBANKING,pay_PN6Np9cR4uy6Y8
orders:256,order_000254,2026-07-25T09:58:00,364374,PAID,CARD,pay_ZGCFcs5PmuGf8g
orders:257,order_000255,2026-07-16T10:13:00,127927,PAID,NETBANKING,
orders:258,order_000256,2026-07-16T16:45:00,28332,FAILED,UPI,
orders:259,order_000257,2026-07-21T13:35:00,143778,PAID,UPI,pay_qAyCOzBubyRhIa
orders:260,order_000258,2026-08-08T09:44:00,643319,PAID,UPI,pay_sYRtMfsW7Cyz0Q
orders:261,order_000259,2026-07-20T15:50:00,1014004,PAID,CARD,pay_tR469Y3UPx98aJ
orders:262,order_000260,2026-07-16T15:34:00,245699,PAID,CARD,pay_VV5UwnA5P2Gjkl
orders:263,order_000261,2026-07-19T11:42:00,1816279,PAID,CARD,pay_7JDPJesQeqgmUL
orders:264,order_000262,2026-08-06T12:06:00,2028380,PAID,UPI,pay_uFCvNQtSLjKKxZ
orders:265,order_000263,2026-07-26T12:50:00,1035524,PAID,UPI,pay_r1xiRUv4EDCwXt
orders:266,order_000264,2026-08-04T10:53:00,63707,PAID,UPI,pay_ImqU4OeUe5b2GO
orders:267,order_000265,2026-08-09T12:58:00,748966,PAID,UPI,pay_IEPXjxzo5XLU2s
orders:268,order_000266,2026-07-28T14:32:00,1801896,PAID,UPI,pay_ZNRkWGiCklK8KQ
orders:269,order_000267,2026-07-31T14:02:00,148464,PAID,UPI,pay_qxocQnH6YxyE6D
orders:270,order_000268,2026-07-26T10:45:00,200877,PAID,CARD,pay_VqLIKlyPyxLP51
orders:271,order_000269,2026-08-14T12:33:00,1886048,PAID,UPI,pay_FYE4MaG4iCkoeG
orders:272,order_000270,2026-07-21T14:38:00,1101108,PAID,NETBANKING,pay_AZvUhEREEnLkP1
orders:273,order_000271,2026-08-03T11:08:00,1986898,PAID,CARD,pay_jdkq7lH9zMKOb4
orders:274,order_000272,2026-07-18T12:28:00,1884250,PAID,CARD,pay_ko1AMjYL0XlNQG
orders:275,order_000273,2026-08-14T16:38:00,370463,REFUNDED,CARD,pay_igbmH36GRA0jMg
orders:276,order_000274,2026-08-05T15:33:00,19688,PAID,UPI,pay_HBo8ZEYXywLZV6
orders:277,order_000275,2026-07-29T11:16:00,2073214,PAID,CARD,pay_fsM4IAqmaTVYaK
orders:278,order_000276,2026-08-05T12:44:00,43229,PAID,UPI,pay_BPLqq2IBKxNrRz
orders:279,order_000277,2026-08-02T16:11:00,596549,PAID,UPI,pay_tKwXTzVi23QhVo
orders:280,order_000278,2026-07-19T12:32:00,1608796,PAID,UPI,pay_NSRTdky9OaZf0j
orders:281,order_000279,2026-07-18T13:14:00,18542,PARTIAL_REFUND,UPI,pay_y7zNPHsT9Md8X0
orders:282,order_000280,2026-07-17T14:15:00,76600,FAILED,CARD,
orders:283,order_000281,2026-07-24T15:22:00,868572,PAID,NETBANKING,pay_HaVTe6fJsU1J6L
orders:284,order_000282,2026-08-04T12:29:00,184420,PAID,UPI,pay_AGgJeGsv8hZG9q
orders:285,order_000283,2026-07-24T16:24:00,162066,PAID,CARD,pay_v9XDRD5L3bEhqe
orders:286,order_000284,2026-08-06T12:51:00,324822,PAID,UPI,pay_IaS1qpsfzRV0ve
orders:287,order_000285,2026-07-27T12:57:00,2244126,PAID,CARD,pay_R76mFVmpVp3qno
orders:288,order_000286,2026-07-27T11:49:00,30308,PAID,UPI,pay_9QFNaW2I9c2ExN
orders:289,order_000287,2026-08-13T13:31:00,2100085,PAID,UPI,pay_rzoWKidHZBE8Ic
orders:290,order_000288,2026-08-09T11:29:00,540987,PAID,UPI,pay_SaaRnyLguxN3ql
orders:291,order_000289,2026-08-04T14:23:00,125144,PAID,UPI,pay_SWxx2zrClKiKRo
orders:292,order_000290,2026-07-23T17:27:00,1605548,PAID,UPI,pay_VjEZalAFi52OHI
orders:293,order_000291,2026-07-24T17:54:00,39343,REFUNDED,CARD,pay_kdn0qE1OgCVvqx
orders:294,order_000292,2026-07-27T14:43:00,1363039,PAID,CARD,pay_4fyNsDO9j3kOZ7
orders:295,order_000293,2026-07-28T10:05:00,259203,PAID,UPI,pay_PsTrMPzr4CX38x
orders:296,order_000294,2026-07-29T11:11:00,151799,PAID,UPI,pay_q8VSVfnkzgge74
orders:297,order_000295,2026-07-28T17:48:00,964394,PAID,UPI,pay_fP74ytopVsCOii
orders:298,order_000296,2026-08-06T14:55:00,557400,PAID,UPI,pay_3I7rJCi8SIlLMD
orders:299,order_000297,2026-07-29T17:40:00,2067961,PAID,CARD,pay_EIoZfCtxAqjtaa
orders:300,order_000298,2026-07-27T13:30:00,2127863,FAILED,CARD,
orders:301,order_000299,2026-08-09T16:19:00,1597318,PAID,UPI,pay_MoYaJxmA4JBzpk
orders:302,order_000300,2026-07-28T12:16:00,157613,PAID,UPI,pay_WZ6NZSRrsPVIZr
orders:303,order_000301,2026-07-20T13:07:00,524420,PAID,CARD,pay_SNFmubjdIblgsr
orders:304,order_000302,2026-07-23T10:09:00,305507,PAID,UPI,pay_tYZFxDSYcvf1W8
orders:305,order_000303,2026-07-18T17:30:00,1774848,PAID,UPI,pay_0y1ahXTpyXCpVc
orders:306,order_000304,2026-08-01T12:30:00,257069,PAID,UPI,pay_ukOUcV7JHhqEOt
orders:307,order_000305,2026-08-06T12:07:00,276692,PAID,UPI,pay_kYrLhzYpacLYSE
orders:308,order_000306,2026-07-18T12:10:00,966062,PARTIAL_REFUND,CARD,pay_7WOddwPjSIYgiF
orders:309,order_000307,2026-08-07T16:35:00,611872,PAID,UPI,pay_KlIwuUDr31M63J
orders:310,order_000308,2026-07-25T13:34:00,1511090,PAID,UPI,pay_GyUl4bN2xXNpuU
orders:311,order_000309,2026-07-22T17:43:00,74034,PAID,CARD,pay_suAPuhgHQec18i
orders:312,order_000310,2026-07-31T12:06:00,1753001,PAID,UPI,
orders:313,order_000311,2026-08-14T10:29:00,788794,REFUNDED,CARD,pay_84A0xYTd0NrHcU
orders:314,order_000312,2026-08-08T17:26:00,1028484,PAID,NETBANKING,pay_wRDSQB4gkYlJzG
orders:315,order_000313,2026-08-04T16:59:00,766934,PAID,UPI,pay_u2xAWOB0UuMpKI
orders:316,order_000314,2026-08-08T13:23:00,406837,PAID,CARD,pay_UcsMbHi4taton2
orders:317,order_000315,2026-08-07T13:58:00,824270,PAID,CARD,pay_KjgcDwjiqx4Lpo
orders:318,order_000316,2026-07-28T12:46:00,1577312,PAID,UPI,pay_lF05SSK06gMPtc
orders:319,order_000317,2026-08-09T09:58:00,1938476,PAID,NETBANKING,pay_BA73h3XoVP2M7a
orders:320,order_000318,2026-07-25T17:02:00,70599,PAID,UPI,pay_GSojdRUzCWMKGf
orders:321,order_000319,2026-07-20T11:21:00,1395403,PAID,UPI,pay_JzqfzGBXSiWiEJ
orders:322,order_000320,2026-07-22T17:39:00,160910,PAID,NETBANKING,pay_rXBuR7KfhQABxw
orders:323,order_000321,2026-07-16T13:10:00,2451331,PAID,UPI,pay_CNjCc70omRxjWU
orders:324,order_000322,2026-07-23T11:55:00,1211159,FAILED,UPI,
orders:325,order_000323,2026-07-19T13:28:00,123557,FAILED,CARD,
orders:326,order_000324,2026-08-02T12:13:00,181256,PAID,CARD,pay_ENUjSSQbyL5QHc
orders:327,order_000325,2026-08-10T13:03:00,15172,PAID,CARD,pay_yQrQ26Qx3gbs34
orders:328,order_000326,2026-08-01T10:57:00,900992,PAID,UPI,pay_flmG9DJ7Tbcp7H
orders:329,order_000327,2026-07-21T09:22:00,986420,PAID,NETBANKING,
orders:330,order_000328,2026-08-13T15:42:00,378014,PARTIAL_REFUND,UPI,pay_9RN3ORoApKjBt6
orders:331,order_000329,2026-08-14T11:41:00,265497,PAID,CARD,pay_JI8Uhlu14jUbWu
orders:332,order_000330,2026-07-25T16:47:00,201286,PAID,CARD,pay_XmgilbWNNrMKNo
orders:333,order_000331,2026-07-27T10:44:00,642040,PAID,NETBANKING,pay_METPxl2yFEikmo
orders:334,order_000332,2026-08-14T13:26:00,2441913,PAID,UPI,pay_Wnel79C3NFSu3D
orders:335,order_000333,2026-07-17T15:46:00,2206726,PAID,UPI,pay_KMIHP4TYcHgCD0
orders:336,order_000334,2026-08-01T17:25:00,387941,FAILED,NETBANKING,
orders:337,order_000335,2026-08-09T09:12:00,1958665,PAID,UPI,pay_X0sDkBsN6dSH5j
orders:338,order_000336,2026-08-08T17:07:00,2200677,PAID,UPI,pay_SIizAuCblDL5T5
orders:339,order_000337,2026-07-26T11:45:00,47388,PAID,NETBANKING,pay_COxfHTyUYGN8ky
orders:340,order_000338,2026-08-14T14:36:00,80316,PAID,CARD,pay_jlXTdAttUX9CsO
orders:341,order_000339,2026-07-22T09:39:00,537727,PAID,NETBANKING,pay_2FIZaM4FpnLQED
orders:342,order_000340,2026-07-16T12:56:00,997028,PAID,CARD,pay_00ndljdPwcj2cQ
orders:343,order_000341,2026-08-14T10:03:00,93954,PAID,UPI,pay_RsNQSSMKYJl9DV
orders:344,order_000342,2026-08-09T13:20:00,1686993,PAID,UPI,pay_WB1JesEihS3rvH
orders:345,order_000343,2026-08-04T09:06:00,998100,PAID,CARD,pay_fEUSM7YTsBM2uq
orders:346,order_000344,2026-07-20T16:33:00,617763,PAID,NETBANKING,pay_l4NoTsmahbDOYh
orders:347,order_000345,2026-07-29T15:02:00,1629519,PAID,UPI,pay_naOmSsqYettGJu
orders:348,order_000346,2026-07-26T15:46:00,17106,PAID,CARD,pay_lmv1v7RE6EZcPi
orders:349,order_000347,2026-08-12T17:57:00,1662225,PAID,UPI,pay_7Vd1HtKURuJIbn
orders:350,order_000348,2026-08-13T14:04:00,17414,PAID,UPI,pay_yOI1kKMylMh3YW
orders:351,order_000349,2026-07-17T13:26:00,155337,PAID,UPI,
orders:352,order_000350,2026-08-10T16:57:00,302461,PAID,CARD,pay_EU3HtXujX3g08H
orders:353,order_000351,2026-07-17T16:24:00,48343,PAID,NETBANKING,pay_t7cR2M3fvD4cgH
orders:354,order_000352,2026-08-03T13:40:00,107128,PAID,UPI,pay_rIuXCQhrjkrha9
orders:355,order_000353,2026-08-02T14:35:00,2226086,PAID,UPI,pay_ZsKpketN5vICdi
orders:356,order_000354,2026-07-19T15:03:00,94606,PAID,UPI,pay_M5LO1SSCNwtv0m
orders:357,order_000355,2026-07-18T16:36:00,1614759,PARTIAL_REFUND,UPI,pay_SDgDtRPTXDEo8o
orders:358,order_000356,2026-07-27T16:29:00,317008,PAID,UPI,pay_KiGgz0TYguJPeY
orders:359,order_000357,2026-07-29T12:39:00,2371935,PAID,UPI,pay_yevn0SLBYBKYvI
orders:360,order_000358,2026-07-18T16:07:00,278089,PAID,CARD,pay_g0Clt9zeMgR0MX
orders:361,order_000359,2026-08-06T09:05:00,1971274,PAID,UPI,pay_5WOZaWjQjCIsyN
orders:362,order_000360,2026-08-13T14:19:00,1162573,PAID,CARD,pay_687BT6wfLaNGz2
orders:363,order_000361,2026-08-13T17:03:00,1688985,PAID,UPI,pay_wh3s3bpBSLzOuT
orders:364,order_000362,2026-07-22T11:30:00,382564,PAID,UPI,pay_7x1Ajs3QiiaePb
orders:365,order_000363,2026-07-29T11:05:00,444745,PAID,UPI,pay_D5YSM7BNlDGBJ0
orders:366,order_000364,2026-07-29T09:36:00,154285,PAID,CARD,pay_GrA7IKxccKETxh
orders:367,order_000365,2026-08-08T17:54:00,552171,PAID,NETBANKING,pay_fH4NfpEOVQ9QeR
orders:368,order_000366,2026-08-04T09:57:00,15288,PAID,UPI,pay_DG5EKUvAw9Zssk
orders:369,order_000367,2026-07-25T13:03:00,86040,PAID,CARD,pay_dQsZVNbsFfiGe2
orders:370,order_000368,2026-07-24T13:54:00,45921,FAILED,UPI,
orders:371,order_000369,2026-07-21T11:42:00,91450,PAID,CARD,
orders:372,order_000370,2026-08-09T15:49:00,496500,PAID,UPI,pay_OknKU1wdPqW0hd
orders:373,order_000371,2026-07-31T17:14:00,393105,PAID,UPI,pay_qjH3Bas7ZCyRu9
orders:374,order_000372,2026-08-02T14:54:00,1071597,PAID,CARD,pay_rvrrZgqPLzDXRV
orders:375,order_000373,2026-07-22T17:21:00,95439,PAID,NETBANKING,pay_JaRa1eaAgHgRCw
orders:376,order_000374,2026-07-17T09:39:00,892206,REFUNDED,UPI,pay_51n8MOhT9hf2Mi
orders:377,order_000375,2026-08-09T15:44:00,274906,PAID,NETBANKING,pay_kXerXdyyvdq90q
orders:378,order_000376,2026-08-14T12:39:00,616669,PAID,UPI,pay_jIXBnNPg6CTqgc
orders:379,order_000377,2026-08-09T16:01:00,1033922,PAID,CARD,
orders:380,order_000378,2026-07-28T10:34:00,2277374,FAILED,UPI,
orders:381,order_000379,2026-08-11T16:07:00,2458434,PAID,CARD,pay_vRtzdO9PfxI29v
orders:382,order_000380,2026-07-25T12:11:00,381740,FAILED,CARD,
orders:383,order_000381,2026-07-22T13:44:00,1003229,PAID,UPI,pay_wFf4OCVmicmbUL
orders:384,order_000382,2026-08-02T13:31:00,1652574,PAID,CARD,pay_9bcvdvYUczhnZP
orders:385,order_000383,2026-08-12T17:09:00,2140381,PAID,NETBANKING,pay_cVjFPbE66NcpSP
orders:386,order_000384,2026-08-13T13:52:00,87400,PAID,UPI,pay_Le00ghFMZNoeZm
orders:387,order_000385,2026-08-08T15:20:00,839368,PAID,UPI,pay_iu19YnWcLlvehr
orders:388,order_000386,2026-07-27T17:10:00,856688,PAID,CARD,pay_igY2ONyXkb4Ffa
orders:389,order_000387,2026-08-05T13:26:00,1498180,PAID,NETBANKING,pay_SinjOrHCAp8lNS
orders:390,order_000388,2026-08-04T10:40:00,15051,PAID,UPI,pay_pmhHgNx3WIGoDX
orders:391,order_000389,2026-07-22T10:50:00,2346266,PAID,UPI,pay_EFlkQ7cdPxsnBq
orders:392,order_000390,2026-07-30T09:06:00,732559,REFUNDED,NETBANKING,pay_kYbFGhe5pUCLLu
orders:393,order_000391,2026-07-31T16:03:00,2154521,PAID,CARD,pay_DlyxiDUmOwrmvi
orders:394,order_000392,2026-07-20T10:54:00,87835,PAID,CARD,
orders:395,order_000393,2026-07-29T17:31:00,1755868,PAID,UPI,pay_raUBV3ppuBLo57
orders:396,order_000394,2026-08-13T09:26:00,565462,REFUNDED,UPI,pay_XGcBHzEZZS0gCF
orders:397,order_000395,2026-08-07T16:54:00,16481,PAID,CARD,pay_DDXi3TzlY3xODT
orders:398,order_000396,2026-07-28T14:33:00,1423598,PAID,UPI,
orders:399,order_000397,2026-08-06T14:56:00,347136,PAID,UPI,
orders:400,order_000398,2026-08-05T16:47:00,2300901,PAID,NETBANKING,pay_nWVWouw5rGRBrd
orders:401,order_000399,2026-08-01T17:53:00,718062,PAID,UPI,pay_0I5sCNxZR8SZ84
orders:402,order_000400,2026-07-18T10:25:00,2289110,PAID,UPI,pay_gkrhSjFj3nH8Ob
orders:403,order_000401,2026-07-20T16:22:00,1047810,PAID,UPI,pay_smeb3Zo18HPvAL
orders:404,order_000402,2026-07-31T17:53:00,244778,PAID,CARD,pay_i5YtkYqoExsX2d
orders:405,order_000403,2026-07-21T11:45:00,2368618,PAID,CARD,pay_1TS5QYjkphcuKi
orders:406,order_000404,2026-08-02T09:42:00,69390,PAID,UPI,pay_CIkIth6bz7FXj8
orders:407,order_000405,2026-08-08T17:32:00,232074,PAID,UPI,pay_5s8WKQjZKU67Cv
orders:408,order_000406,2026-07-17T11:43:00,16527,PAID,CARD,pay_N1oCwfudMPmLHo
orders:409,order_000407,2026-07-16T10:34:00,2293852,PAID,CARD,pay_GzmFuMMG8d6Qxz
orders:410,order_000408,2026-07-28T14:00:00,250867,PAID,UPI,pay_C3JfnU4CVAZCsk
orders:411,order_000409,2026-08-13T15:08:00,66271,PAID,CARD,pay_tE3Hve79LWyfaA
orders:412,order_000410,2026-08-02T16:45:00,61591,PAID,CARD,pay_l1ysJFc00t1LtF
orders:413,order_000411,2026-08-10T09:09:00,1034622,PAID,UPI,pay_OEhPQ5sAlF6SPp
orders:414,order_000412,2026-07-18T14:37:00,1888751,PAID,CARD,pay_ORES0hxGUKb2qk
orders:415,order_000413,2026-08-13T11:22:00,339141,REFUNDED,UPI,pay_O69wdssHO7eGmX
orders:416,order_000414,2026-08-02T14:52:00,682224,FAILED,UPI,
orders:417,order_000415,2026-07-27T16:26:00,81047,PAID,UPI,pay_njGo1mY5JNS18H
orders:418,order_000416,2026-08-09T10:26:00,48765,PAID,CARD,pay_i7bEwtSxi0C4MH
orders:419,order_000417,2026-07-25T09:47:00,1839318,PAID,UPI,pay_jSotinifBSWYhe
orders:420,order_000418,2026-07-17T12:06:00,670197,PAID,UPI,
orders:421,order_000419,2026-07-22T11:42:00,67649,FAILED,UPI,
orders:422,order_000420,2026-08-08T13:37:00,1832183,PAID,UPI,pay_XUNpGKeg0LWaHn
orders:423,order_000421,2026-08-09T17:00:00,128819,PARTIAL_REFUND,NETBANKING,pay_G2TExSLlCR9gl1
orders:424,order_000422,2026-08-08T09:05:00,382920,PAID,UPI,pay_DMVtR1CoJAs2Bm
orders:425,order_000423,2026-07-31T14:11:00,615669,PAID,UPI,pay_gzCHQRfhjzzSLg
orders:426,order_000424,2026-07-18T14:12:00,1785278,PAID,UPI,pay_zho1BUFrWTXLLr
orders:427,order_000425,2026-07-28T14:30:00,421482,PAID,NETBANKING,pay_FGrjXDghqFFoO8
orders:428,order_000426,2026-08-11T10:31:00,94707,FAILED,NETBANKING,
orders:429,order_000427,2026-08-04T14:09:00,38061,PAID,UPI,pay_eQWHXFYDmsQFFG
orders:430,order_000428,2026-08-02T17:01:00,475345,FAILED,NETBANKING,
orders:431,order_000429,2026-08-14T10:24:00,366948,PAID,CARD,pay_DcclJQ3Xt4TkFB
orders:432,order_000430,2026-08-09T10:36:00,777091,PAID,NETBANKING,pay_IKEEJ2kGdzqFLy
orders:433,order_000431,2026-07-25T14:03:00,55840,PAID,UPI,
orders:434,order_000432,2026-08-06T12:15:00,887468,PAID,UPI,pay_6Se3thvkbIucDQ
orders:435,order_000433,2026-07-29T13:01:00,16228,PAID,NETBANKING,pay_uyKyuKgZFgSRnv
orders:436,order_000434,2026-07-26T11:39:00,487369,PAID,UPI,pay_FO2Ye12InsqdtK
orders:437,order_000435,2026-07-18T10:37:00,812289,PAID,UPI,pay_HEBnwYeP0tGZtB
orders:438,order_000436,2026-07-28T13:39:00,1463367,PAID,CARD,pay_l4bOTH3lKFnQ90
orders:439,order_000437,2026-08-05T17:51:00,2058542,PAID,CARD,pay_7KUOdHmxDjpjVR
orders:440,order_000438,2026-07-26T10:40:00,192066,PAID,UPI,pay_sPkqRMpzphjmbp
orders:441,order_000439,2026-08-02T15:27:00,116388,PAID,CARD,pay_ribqYZrQJlP2c9
orders:442,order_000440,2026-08-12T10:20:00,25045,PAID,CARD,pay_9A5xQQ4fz81U1i
orders:443,order_000441,2026-08-14T10:33:00,2256175,PAID,NETBANKING,pay_7HqF4fpMhXZuv1
orders:444,order_000442,2026-08-08T12:59:00,43351,PAID,UPI,pay_nrCAq3LdFIxS8h
orders:445,order_000443,2026-07-23T13:56:00,1287780,PAID,UPI,pay_0tbP95Mc1VQZ8d
orders:446,order_000444,2026-07-24T17:24:00,1234796,PAID,UPI,
orders:447,order_000445,2026-07-18T12:19:00,78796,PAID,UPI,pay_COu4ZXPAYcr3f0
orders:448,order_000446,2026-07-29T14:45:00,1686897,PAID,UPI,pay_0kSqGewAMU0JVu
orders:449,order_000447,2026-08-05T11:40:00,61024,PAID,CARD,pay_zmOtuKfhkpHTX1
orders:450,order_000448,2026-08-06T15:50:00,1911085,PAID,UPI,pay_iqlRL0uZsmfAxl
orders:451,order_000449,2026-08-13T12:01:00,1055586,PAID,UPI,pay_Oo6fDmqS2kdzNB
orders:452,order_000450,2026-07-27T11:36:00,702115,FAILED,UPI,
orders:453,order_000451,2026-08-09T16:52:00,140226,PAID,NETBANKING,pay_nm830YrsVFyiB2
orders:454,order_000452,2026-07-25T12:26:00,67928,PAID,UPI,pay_sqpNC6pxLRPDfa
orders:455,order_000453,2026-08-07T15:43:00,1262236,PAID,UPI,
orders:456,order_000454,2026-08-04T09:00:00,375607,PAID,UPI,
orders:457,order_000455,2026-07-18T14:45:00,183511,PAID,CARD,pay_uciF31rVx7Bs54
orders:458,order_000456,2026-07-24T17:20:00,262424,PAID,CARD,pay_FW8jJ27QOZCdmj
orders:459,order_000457,2026-07-24T11:45:00,2476209,PAID,CARD,pay_7FcCwTJFDFh2U3
orders:460,order_000458,2026-08-12T13:11:00,1696411,PAID,UPI,pay_K5QLnLaHXKlA6e
orders:461,order_000459,2026-08-13T14:01:00,1166225,PAID,UPI,pay_zxL78g1ujbfD1T
orders:462,order_000460,2026-07-24T09:21:00,2261944,PAID,UPI,pay_u8UU69ZKin3dZP
orders:463,order_000461,2026-07-18T17:38:00,176794,PARTIAL_REFUND,UPI,pay_p9X3zfb2nkyXzs
orders:464,order_000462,2026-07-22T16:28:00,802827,PAID,UPI,pay_BfWBZxNlBOBfcG
orders:465,order_000463,2026-08-05T11:59:00,1055968,PAID,CARD,pay_fsDBf6ZEtjiR5t
orders:466,order_000464,2026-08-03T09:35:00,670032,PAID,UPI,pay_GBAgDQUK0qwqLf
orders:467,order_000465,2026-08-06T16:11:00,20090,PAID,UPI,pay_A4TtuLUDWQCNZq
orders:468,order_000466,2026-07-21T12:11:00,921726,PAID,UPI,pay_3RgBIbazhakPED
orders:469,order_000467,2026-08-08T16:19:00,960229,PAID,CARD,pay_SR9SRzZtfiiamh
orders:470,order_000468,2026-08-12T09:13:00,1064072,PAID,CARD,pay_B1O2YImftXDjEB
orders:471,order_000469,2026-08-08T16:31:00,517131,FAILED,CARD,
orders:472,order_000470,2026-07-23T12:18:00,396335,PAID,CARD,pay_vagO2TBA2FVLMU
orders:473,order_000471,2026-07-28T16:32:00,2188754,PAID,CARD,pay_503FoTdHbBKuJe
orders:474,order_000472,2026-07-31T10:31:00,313809,PAID,CARD,
orders:475,order_000473,2026-08-12T16:08:00,393688,PAID,UPI,pay_A18RPVxYEZ2kNn
orders:476,order_000474,2026-07-31T11:11:00,616983,PAID,UPI,pay_YA8FtpnJdbw4qw
orders:477,order_000475,2026-08-13T17:02:00,47277,PAID,UPI,pay_ohJoFqvYwXcX4J
orders:478,order_000476,2026-08-12T17:38:00,21317,PAID,NETBANKING,
orders:479,order_000477,2026-08-01T10:10:00,119826,PAID,CARD,pay_xkUsTCWGFU3gjP
orders:480,order_000478,2026-08-12T12:28:00,15107,PAID,UPI,pay_1ZEvsGkfrxTWAx
orders:481,order_000479,2026-08-09T17:26:00,471964,PAID,UPI,pay_6A5D82HYRx8bCj
orders:482,order_000480,2026-07-18T10:21:00,1497450,PAID,UPI,pay_BdzWcQ7Pj5KdOT
orders:483,order_000481,2026-07-25T15:25:00,1911261,PAID,NETBANKING,pay_UVu6wa0r5HN6jS
orders:484,order_000482,2026-08-02T16:44:00,1532939,PAID,UPI,pay_zXm4tfcIvyUUV4
orders:485,order_000483,2026-07-18T17:35:00,1439201,PAID,UPI,
orders:486,order_000484,2026-08-11T14:16:00,53094,PAID,CARD,
orders:487,order_000485,2026-08-05T17:54:00,237461,PAID,CARD,pay_QY0TKRiTyHVpgu
orders:488,order_000486,2026-07-27T16:06:00,1720477,PAID,UPI,pay_ffdB4iEnCexRHz
orders:489,order_000487,2026-08-12T13:37:00,2482693,PAID,CARD,pay_S78FUA0kjGiFTD
orders:490,order_000488,2026-08-01T10:44:00,17642,PAID,UPI,pay_k8Jx68hM2AhhxK
orders:491,order_000489,2026-07-27T13:23:00,16945,PAID,UPI,pay_jjYLAd75t4snl0
orders:492,order_000490,2026-07-27T10:55:00,831065,PAID,UPI,pay_KC5vYyE1U1MiWi
orders:493,order_000491,2026-08-06T16:09:00,1604651,PAID,NETBANKING,pay_QNAyo5zvIc9Q4C
orders:494,order_000492,2026-07-21T09:36:00,1258526,PAID,CARD,pay_JPhPJfm9NIKWd9
orders:495,order_000493,2026-08-01T09:07:00,95284,PAID,CARD,pay_brYnp1T14LCfZI
orders:496,order_000494,2026-07-31T09:21:00,16438,PAID,CARD,pay_HuyqfhgIksjlqX
orders:497,order_000495,2026-08-06T11:03:00,96823,PAID,CARD,pay_TdtygujA5uqy80
orders:498,order_000496,2026-08-09T12:31:00,383432,PAID,CARD,pay_hrduDJAeEbAOo6
orders:499,order_000497,2026-08-03T10:15:00,1547154,PAID,NETBANKING,
orders:500,order_000498,2026-07-29T17:28:00,551515,FAILED,UPI,
orders:501,order_000499,2026-08-11T13:41:00,2180515,FAILED,UPI,
orders:502,order_000500,2026-07-31T13:38:00,374123,PAID,UPI,pay_w1OnL1GsckVIKe
orders:503,order_000501,2026-08-11T11:46:00,1931865,PAID,CARD,pay_nNG9Zu4R8vOqWT
orders:504,order_000502,2026-07-26T14:13:00,283092,PAID,CARD,pay_6SiP7aMEa5aRlA
orders:505,order_000503,2026-08-09T15:34:00,1061998,PAID,UPI,pay_eIb510QCRhw0y0
orders:506,order_000504,2026-08-09T09:07:00,107554,PAID,CARD,pay_aoVbWrR6Twmf0N
orders:507,order_000505,2026-07-23T16:23:00,2048062,PAID,UPI,pay_TMnam0Ozh3rKGF
orders:508,order_000506,2026-08-03T11:04:00,25515,PAID,CARD,
orders:509,order_000507,2026-08-04T13:43:00,15009,PAID,CARD,pay_BPR8Pd28uB2Arh
orders:510,order_000508,2026-08-01T09:56:00,206958,PAID,NETBANKING,pay_AICuazmvf4KZbV
orders:511,order_000509,2026-07-18T12:12:00,24814,PAID,UPI,pay_OgbEBZbLZO7v1q
orders:512,order_000510,2026-07-26T09:52:00,154278,PAID,UPI,pay_eXMNCWgOCLhfd6
orders:513,order_000511,2026-08-07T10:50:00,1614905,REFUNDED,UPI,pay_dtNOBegRdJds2y
orders:514,order_000512,2026-08-05T09:29:00,107066,PAID,CARD,pay_gaMTeLY1m5KiOG
orders:515,order_000513,2026-08-04T16:11:00,19826,PAID,UPI,pay_itLBG9PWwtL4IX
orders:516,order_000514,2026-07-26T13:23:00,1089858,PAID,UPI,
orders:517,order_000515,2026-07-22T16:44:00,908891,PAID,NETBANKING,pay_v2LK9vNtAvkgD4
orders:518,order_000516,2026-08-14T09:40:00,555876,PAID,UPI,pay_npEVX80vZVynzl
orders:519,order_000517,2026-07-18T14:01:00,224819,PAID,CARD,pay_mOL6Wxcbmmslo4
orders:520,order_000518,2026-08-02T12:11:00,1780465,FAILED,UPI,
orders:521,order_000519,2026-08-14T10:01:00,1080701,PAID,NETBANKING,pay_4hv7ntDpxZxQk8
orders:522,order_000520,2026-08-13T15:56:00,66838,REFUNDED,NETBANKING,
orders:523,order_000521,2026-08-08T10:50:00,954542,PAID,CARD,pay_kGyW4PWGxFHDlu
orders:524,order_000522,2026-08-07T16:30:00,1026839,PAID,UPI,pay_YLPcno5mC3pznt
orders:525,order_000523,2026-08-14T14:16:00,1418867,PARTIAL_REFUND,CARD,pay_sCHwoLcDGNvBCD
orders:526,order_000524,2026-08-14T12:06:00,18641,PARTIAL_REFUND,UPI,pay_mvmRvqtV0XR2rm
orders:527,order_000525,2026-08-09T09:30:00,1454722,PAID,CARD,pay_j3zooUVnEoHLYJ
orders:528,order_000526,2026-07-26T10:20:00,2219770,PAID,UPI,pay_AnCC2JbxiK3it8
orders:529,order_000527,2026-08-11T14:21:00,1183622,PAID,UPI,pay_zWXSItuLbKYc7i
orders:530,order_000528,2026-08-10T15:24:00,25086,PAID,UPI,pay_ymEgvK9CO5tfkg
orders:531,order_000529,2026-08-07T16:01:00,2078917,PAID,UPI,pay_ysnosQHeDdxHak
orders:532,order_000530,2026-07-21T10:08:00,1387368,PAID,CARD,pay_y953ni3ntB0TQE
orders:533,order_000531,2026-08-03T12:32:00,203531,PAID,NETBANKING,pay_ajCe0zMZpHv6K4
orders:534,order_000532,2026-08-08T10:18:00,532416,PAID,CARD,pay_S1TYtzN0Z2lApl
orders:535,order_000533,2026-07-28T11:44:00,1227939,PARTIAL_REFUND,CARD,pay_cp43kr4OIsQ6eS
orders:536,order_000534,2026-07-22T17:02:00,1029254,FAILED,CARD,
orders:537,order_000535,2026-08-06T16:24:00,1834883,PAID,UPI,pay_zcaqhT6iuQVDFD
orders:538,order_000536,2026-08-07T16:08:00,1774945,PAID,CARD,pay_k1bMglshIVzkeQ
orders:539,order_000537,2026-07-30T14:11:00,1995274,PAID,UPI,pay_InCSd1OZHPQTQ5
orders:540,order_000538,2026-07-17T09:03:00,116135,PAID,NETBANKING,pay_px6pmfbAbav0mR
orders:541,order_000539,2026-07-19T11:46:00,667701,REFUNDED,UPI,pay_0uuJOmNn7Iz8Bh
orders:542,order_000540,2026-07-18T12:26:00,635196,PAID,UPI,pay_gTIY72Kkq9gMuO
orders:543,order_000541,2026-08-09T11:21:00,1956773,PAID,UPI,pay_u2QEevbM6LCyGO
orders:544,order_000542,2026-07-16T12:01:00,53243,PAID,CARD,pay_pVBWpNfdixFsmj
orders:545,order_000543,2026-08-14T16:47:00,265564,PAID,UPI,pay_YWcHYAP0sWbo2U
orders:546,order_000544,2026-07-17T12:51:00,137961,PAID,NETBANKING,pay_3yHulCOae3Fe9m
orders:547,order_000545,2026-07-20T10:11:00,1586503,PAID,CARD,pay_npGfBUDtkUmpBl
orders:548,order_000546,2026-07-30T12:17:00,2365471,PARTIAL_REFUND,CARD,pay_zykECBGNVBWj09
orders:549,order_000547,2026-07-30T13:24:00,27860,PAID,CARD,pay_iTEmj6maa3GUUx
orders:550,order_000548,2026-07-28T14:24:00,2438371,PAID,CARD,pay_eA4c6hy7KkmWB9
orders:551,order_000549,2026-07-27T17:45:00,351858,PAID,CARD,pay_dPy7BVppEc60xO
orders:552,order_000550,2026-08-05T11:16:00,1167671,PAID,CARD,
orders:553,order_000551,2026-08-13T10:33:00,83331,PAID,UPI,pay_BqStG9IQ4yLtUA
orders:554,order_000552,2026-07-18T10:40:00,309736,PAID,CARD,pay_jrVn7VzStak0Fa
orders:555,order_000553,2026-08-01T15:41:00,87353,PAID,UPI,pay_xlTimFlG8hCK0n
orders:556,order_000554,2026-08-10T12:16:00,2086289,PAID,UPI,pay_g3OkfsfyhrevbL
orders:557,order_000555,2026-07-19T09:03:00,15129,PAID,UPI,
orders:558,order_000556,2026-08-04T15:21:00,307489,PAID,UPI,pay_u0p8xQzyNdw3vZ
orders:559,order_000557,2026-07-28T11:01:00,714695,PAID,CARD,pay_8SW0pxCNRQ3EGA
orders:560,order_000558,2026-08-11T14:01:00,20202,PAID,CARD,pay_ZVuRCoMFzVNYfw
orders:561,order_000559,2026-07-31T10:46:00,109566,PAID,UPI,pay_j3H4KY2TGciFYf
orders:562,order_000560,2026-08-12T16:10:00,592728,PAID,CARD,pay_IppnkW8QSfgBTb
orders:563,order_000561,2026-07-28T13:14:00,578756,PAID,NETBANKING,pay_5QhQi7IOUFfYSv
orders:564,order_000562,2026-08-14T10:41:00,1294089,PAID,UPI,pay_VUyPPYJ92BZooq
orders:565,order_000563,2026-07-26T12:47:00,55344,PAID,UPI,pay_u9yKVatdLIm2yB
orders:566,order_000564,2026-08-14T11:33:00,137626,PAID,CARD,pay_zaI2Duj08s1oFR
orders:567,order_000565,2026-08-08T09:38:00,2452197,PAID,UPI,pay_hr2TKEO1nFsT9y
orders:568,order_000566,2026-08-11T12:54:00,140883,PAID,NETBANKING,pay_Vd73Xl2FUzt0Q6
orders:569,order_000567,2026-07-26T15:43:00,1441715,PAID,CARD,pay_zeHUssS7mS2Jzg
orders:570,order_000568,2026-08-12T09:54:00,1079935,PAID,NETBANKING,pay_KiCSEs5jnnZVmV
orders:571,order_000569,2026-08-03T10:43:00,2414765,PAID,UPI,pay_R1k7dgwEl8dhGP
orders:572,order_000570,2026-08-05T15:15:00,405957,PAID,UPI,pay_tSM9lPVyXSYQQf
orders:573,order_000571,2026-07-28T13:40:00,15334,PAID,CARD,pay_hfhFPQ6GobLKKE
orders:574,order_000572,2026-08-03T11:24:00,1242190,PAID,CARD,pay_tKigueT63YIlz0
orders:575,order_000573,2026-08-02T17:31:00,864619,PAID,UPI,pay_T0YPhWWn9Q5hl3
orders:576,order_000574,2026-07-30T14:07:00,120688,PAID,UPI,pay_kfJq2WcfhGtx9I
orders:577,order_000575,2026-07-25T09:33:00,506915,PAID,UPI,pay_KFSuH6wMIGnSgQ
orders:578,order_000576,2026-07-20T13:54:00,916005,PAID,UPI,
orders:579,order_000577,2026-07-24T15:44:00,27371,PAID,UPI,pay_UrOSPmTxKQP0GM
orders:580,order_000578,2026-08-10T15:24:00,167218,PAID,UPI,pay_rhIhRJAevOfx6v
orders:581,order_000579,2026-07-23T13:00:00,2347227,PAID,UPI,pay_y8gY7hlHU4tL0Z
orders:582,order_000580,2026-08-03T13:35:00,2012537,PAID,UPI,pay_ku8WylwZVR9YIJ
orders:583,order_000581,2026-08-03T11:16:00,1279086,PAID,UPI,pay_QijyKVrd6UOxTX
orders:584,order_000582,2026-07-30T11:28:00,641802,PAID,UPI,
orders:585,order_000583,2026-08-12T10:40:00,158179,PARTIAL_REFUND,UPI,
orders:586,order_000584,2026-08-07T17:47:00,1372048,PAID,UPI,
orders:587,order_000585,2026-07-23T11:04:00,670721,PAID,UPI,pay_8dBFykxhv6Rp1I
orders:588,order_000586,2026-07-25T16:18:00,1368534,PAID,UPI,pay_Kzn7t779PG05c7
orders:589,order_000587,2026-07-17T14:00:00,236197,PAID,CARD,pay_gaw4UlzwagBFmf
orders:590,order_000588,2026-07-19T16:00:00,170479,PAID,UPI,pay_EzxtxB5lIZrgCQ
orders:591,order_000589,2026-08-08T15:00:00,1264935,PAID,UPI,
orders:592,order_000590,2026-07-19T15:31:00,1169940,PAID,CARD,pay_iuWWX4zGU7V10y
orders:593,order_000591,2026-07-20T11:22:00,1179110,FAILED,CARD,
orders:594,order_000592,2026-07-17T14:27:00,483773,PAID,CARD,pay_ssFfWBpNjUGlpr
orders:595,order_000593,2026-08-07T12:42:00,1255231,PAID,UPI,pay_ZgSUGNlm2LOOjo
orders:596,order_000594,2026-07-22T11:27:00,35549,PAID,UPI,pay_dyAHtSOoovBEdG
orders:597,order_000595,2026-07-24T14:17:00,166568,PAID,UPI,pay_5dlcadQVunsEr6
orders:598,order_000596,2026-07-31T14:21:00,1127014,PAID,UPI,pay_RJX3ivxVZxVXLH
orders:599,order_000597,2026-07-22T15:05:00,1385318,PAID,UPI,pay_hcL964P0mmTC7g
orders:600,order_000598,2026-07-25T16:48:00,73683,PAID,UPI,pay_imAJTq54W226Jw
orders:601,order_000599,2026-07-19T15:04:00,2170439,PAID,CARD,pay_GYbkMrS9isc9Kd
orders:602,order_000600,2026-08-11T15:31:00,670218,PAID,NETBANKING,pay_ekCWGyJXyzMrnl
orders:603,order_000601,2026-08-07T09:56:00,1259775,PAID,CARD,pay_Hqt2osTrJhkocI
orders:604,order_000602,2026-08-13T13:59:00,1568328,PAID,UPI,
orders:605,order_000603,2026-08-08T11:26:00,2427288,PAID,CARD,
orders:606,order_000604,2026-08-03T10:46:00,2237250,PAID,NETBANKING,pay_q3OOMJn0CournL
orders:607,order_000605,2026-07-20T16:14:00,352700,PAID,NETBANKING,pay_5EfFlDl03lmKF8
orders:608,order_000606,2026-07-25T11:56:00,1189095,PAID,UPI,pay_mejeBpD6PzgUHi
orders:609,order_000607,2026-07-19T15:24:00,15456,PAID,UPI,pay_1P7cipXfrj8OMa
orders:610,order_000608,2026-07-19T17:47:00,32939,PAID,UPI,pay_iEWK5C0ktvEjpd
orders:611,order_000609,2026-07-19T09:52:00,233813,PAID,UPI,pay_G41Aja6oboByjw
orders:612,order_000610,2026-08-06T15:43:00,46399,PAID,NETBANKING,
orders:613,order_000611,2026-08-04T11:11:00,908441,PAID,UPI,
orders:614,order_000612,2026-07-24T10:50:00,2392102,PAID,UPI,pay_XPjujyCUYYE0eh
orders:615,order_000613,2026-07-18T14:08:00,323967,PAID,UPI,pay_FBESAMYOviZ8P6
orders:616,order_000614,2026-08-02T17:31:00,146587,PAID,CARD,pay_fLTAHKXSZVoSfp
orders:617,order_000615,2026-07-16T14:35:00,2122439,PAID,CARD,pay_d6wx223X0isDj1
orders:618,order_000616,2026-07-23T12:52:00,62188,REFUNDED,UPI,pay_9STjyUbS9BxdSg
orders:619,order_000617,2026-08-09T11:30:00,706335,PAID,NETBANKING,pay_8tEAUvCYPSashj
orders:620,order_000618,2026-08-09T11:32:00,1737990,FAILED,UPI,
orders:621,order_000619,2026-08-06T16:35:00,2114420,PAID,NETBANKING,pay_GtToB7krfHy8iV
orders:622,order_000620,2026-07-28T11:52:00,924822,PAID,NETBANKING,pay_e0SDEuPPz0ykdZ
orders:623,order_000621,2026-07-19T10:04:00,1796116,PAID,UPI,pay_bpskIgenMaW6tm
orders:624,order_000622,2026-07-23T13:05:00,804738,PAID,CARD,pay_YEcduf8tawWs9z
orders:625,order_000623,2026-08-08T14:08:00,287782,PAID,NETBANKING,pay_5VGgGZXjbLYyEL
orders:626,order_000624,2026-07-20T16:05:00,1297728,PARTIAL_REFUND,CARD,pay_4nZRPjXTk9GHUM
orders:627,order_000625,2026-07-22T10:09:00,630109,PAID,CARD,pay_ZajX3tJ3ZY5fFg
orders:628,order_000626,2026-07-21T10:17:00,34785,PAID,CARD,pay_lTXDqEqW4CP7i8
orders:629,order_000627,2026-07-27T13:25:00,2105247,PAID,UPI,pay_iCxG2N8uxfRAGC
orders:630,order_000628,2026-07-17T09:47:00,796525,PAID,UPI,pay_j2gsykKz2eoy3D
orders:631,order_000629,2026-08-05T17:57:00,95758,PAID,CARD,pay_g697zXBmzveuvM
orders:632,order_000630,2026-07-19T13:29:00,2250794,PAID,UPI,pay_jOnuKcMXyd7ZxY
orders:633,order_000631,2026-07-22T09:48:00,172896,PAID,NETBANKING,pay_lfjerzft3TC3AH
orders:634,order_000632,2026-08-11T09:05:00,1424676,PAID,UPI,pay_kmw8AEEISYk9SB
orders:635,order_000633,2026-08-11T09:35:00,1312988,PAID,CARD,pay_LNjuQ08UV0VUua
orders:636,order_000634,2026-07-31T14:07:00,688732,PAID,NETBANKING,
orders:637,order_000635,2026-08-09T11:38:00,124341,PAID,UPI,pay_mRK9ax0xbt5tG0
orders:638,order_000636,2026-07-30T15:26:00,746262,PAID,UPI,pay_HWvh7lDBxlJMkI
orders:639,order_000637,2026-08-07T15:40:00,2200953,PAID,UPI,pay_52gfZ1gfPbN7Ag
orders:640,order_000638,2026-08-02T10:40:00,1628827,PAID,CARD,
orders:641,order_000639,2026-08-14T16:26:00,1380030,PAID,CARD,pay_a8xYoGsr4Qqt15
orders:642,order_000640,2026-07-16T15:02:00,1567892,FAILED,UPI,
orders:643,order_000641,2026-08-11T17:52:00,294028,PAID,NETBANKING,pay_9KBpJzmNPz1dZ7
orders:644,order_000642,2026-07-28T11:25:00,490430,PAID,UPI,pay_gTZiGhOKYz1WO6
orders:645,order_000643,2026-07-26T12:05:00,15330,FAILED,UPI,
orders:646,order_000644,2026-08-09T11:01:00,2121022,PAID,CARD,pay_fKybVUiDOOXwlp
orders:647,order_000645,2026-08-02T12:46:00,370267,PAID,NETBANKING,pay_qQdrf7jObOL3gh
orders:648,order_000646,2026-07-20T13:16:00,622031,PARTIAL_REFUND,UPI,pay_x61nzgFYbAeF9O
orders:649,order_000647,2026-07-26T14:30:00,15062,PAID,CARD,pay_HVq7hmMbIbHGWj
orders:650,order_000648,2026-07-22T09:20:00,1331083,PAID,UPI,pay_8irrEm9fwTJPsD
orders:651,order_000649,2026-07-28T12:16:00,1793704,PAID,UPI,pay_Tr9zgLYXLtkYn9
orders:652,order_000650,2026-07-29T13:52:00,931487,PAID,UPI,pay_BmKwx5O0eCk4c9
orders:653,order_000651,2026-08-04T17:22:00,95428,FAILED,UPI,
orders:654,order_000652,2026-07-26T15:50:00,28112,PAID,UPI,pay_QxxjXuhauSaTvn
orders:655,order_000653,2026-07-23T17:04:00,126870,PAID,UPI,pay_ngJrTM84Z3QeK5
orders:656,order_000654,2026-07-26T14:12:00,621268,REFUNDED,UPI,pay_crAhhCkMuLypKb
orders:657,order_000655,2026-08-05T09:04:00,1615408,PARTIAL_REFUND,CARD,pay_UtruWwzfJXuFNd
orders:658,order_000656,2026-07-19T14:55:00,142307,PAID,NETBANKING,pay_fmU5Zx05Ia7S3d
orders:659,order_000657,2026-07-17T13:04:00,948026,PAID,UPI,pay_ZyrSk7iLDhiu3j
orders:660,order_000658,2026-08-13T15:40:00,691509,PAID,CARD,pay_pKEQFruXUEofqX
orders:661,order_000659,2026-08-11T12:42:00,120342,PAID,CARD,pay_eeFdnaQnD0ymFg
orders:662,order_000660,2026-08-01T17:54:00,256629,PAID,UPI,pay_DPj2Gg6io6xyC3
orders:663,order_000661,2026-07-22T10:17:00,249432,PAID,UPI,pay_3KPgjD4gVhpb5D
orders:664,order_000662,2026-08-01T16:22:00,767544,PAID,UPI,pay_wBnjzGBGvdCrxg
orders:665,order_000663,2026-07-29T12:18:00,891942,PAID,UPI,pay_HMFHBgRdPp9hoh
orders:666,order_000664,2026-07-23T10:34:00,1950773,PAID,UPI,pay_STzzzgoU04SrFn
orders:667,order_000665,2026-07-25T13:46:00,644327,PARTIAL_REFUND,UPI,pay_SNEVt26SpkuRek
orders:668,order_000666,2026-08-03T09:31:00,20071,PAID,UPI,pay_bKRs1oHGkWjXgg
orders:669,order_000667,2026-07-31T14:34:00,174738,PAID,UPI,pay_Da0wtTv5HXQ235
orders:670,order_000668,2026-08-06T17:46:00,2394962,FAILED,CARD,
orders:671,order_000669,2026-08-12T12:42:00,17373,PAID,UPI,
orders:672,order_000670,2026-08-02T16:56:00,2074309,PAID,CARD,pay_w4vzLA8rtmcLHS
orders:673,order_000671,2026-08-10T16:36:00,2350581,PAID,UPI,pay_F7RjDRjH9sNJQk
orders:674,order_000672,2026-07-25T09:29:00,1708283,PAID,UPI,pay_hdFtaBwQ1adqiw
orders:675,order_000673,2026-08-06T17:09:00,65563,PAID,UPI,pay_UmBL6fsocE7wpZ
orders:676,order_000674,2026-08-13T10:57:00,900791,PAID,UPI,pay_lKBR4uZLiRXmqi
orders:677,order_000675,2026-07-18T13:36:00,98559,PAID,CARD,pay_Y41BgiHCSuG7RT
orders:678,order_000676,2026-07-29T15:29:00,16734,PAID,UPI,pay_XAfWiN6tYpLGxi
orders:679,order_000677,2026-07-25T09:48:00,1130780,PAID,UPI,pay_DZW3HD1dfdr1Pg
orders:680,order_000678,2026-08-03T16:44:00,51649,PAID,UPI,pay_LRGVTdSnHjJV9F
orders:681,order_000679,2026-08-12T11:19:00,2446410,PAID,CARD,pay_aZFNSmheajM4hH
orders:682,order_000680,2026-07-16T17:28:00,51872,REFUNDED,UPI,pay_zEl0p12Iq0NRC2
orders:683,order_000681,2026-07-25T13:42:00,618888,PAID,UPI,pay_QrzySZgDA0Bjbs
orders:684,order_000682,2026-08-03T13:02:00,1088272,PAID,CARD,pay_Cc66w9iD4UDrak
orders:685,order_000683,2026-07-22T14:57:00,669090,PAID,NETBANKING,pay_lPjwPUKvDT2Yir
orders:686,order_000684,2026-07-28T10:58:00,2317382,PAID,CARD,pay_MQlKT7GXQHqiSu
orders:687,order_000685,2026-08-04T15:04:00,1349716,FAILED,UPI,
orders:688,order_000686,2026-07-23T10:42:00,1161774,PAID,UPI,pay_uWoXZ6UYpg54lU
orders:689,order_000687,2026-08-14T10:03:00,18479,PAID,CARD,pay_VeCWxMO1b7lugS
orders:690,order_000688,2026-08-03T17:12:00,490676,PAID,UPI,pay_somVkB0HZYmfLb
orders:691,order_000689,2026-07-17T11:57:00,428718,PAID,UPI,pay_I3evlRU96UPHFm
orders:692,order_000690,2026-08-01T14:22:00,1824896,PAID,CARD,pay_ZeCBOy3eKfiYHt
orders:693,order_000691,2026-08-04T17:21:00,2213631,PAID,UPI,pay_71qyTwe33k9seI
orders:694,order_000692,2026-08-04T17:19:00,755659,PAID,UPI,pay_5hLE76qPbcvAqm
orders:695,order_000693,2026-07-22T17:52:00,1440324,PAID,NETBANKING,pay_64dpFeZ8K5NS1W
orders:696,order_000694,2026-07-29T10:56:00,56651,PAID,CARD,pay_UcgcFGoPwBEtY2
orders:697,order_000695,2026-07-17T09:49:00,1854164,PAID,UPI,pay_RRVbJEdyXySiBS
orders:698,order_000696,2026-07-19T14:22:00,2109482,PAID,UPI,pay_pofLaoAVW4ZYIK
orders:699,order_000697,2026-08-08T12:52:00,54901,PARTIAL_REFUND,UPI,pay_lscuwMP4psiMzE
orders:700,order_000698,2026-08-09T17:18:00,1996565,PAID,CARD,pay_uSIGgdw5AT8NFr
orders:701,order_000699,2026-08-01T12:19:00,52441,PAID,NETBANKING,pay_U0YjcpSCPWD8hb
orders:702,order_000700,2026-08-03T15:19:00,1829788,REFUNDED,UPI,pay_yFb3yyCconylQB
orders:703,order_000701,2026-07-26T15:55:00,2157655,PAID,UPI,pay_WdZgJy8U7Rs28I
orders:704,order_000702,2026-08-09T17:16:00,557723,PAID,UPI,pay_7pi6arZR8rfpXI
orders:705,order_000703,2026-08-04T13:23:00,1536294,PAID,UPI,pay_ZXMahtKQu1q2lC
orders:706,order_000704,2026-07-17T14:30:00,132926,PAID,CARD,pay_dL8fr5NJu9eClq
orders:707,order_000705,2026-07-31T11:14:00,1901258,PAID,CARD,pay_PdohPclRG3CLuc
orders:708,order_000706,2026-08-07T13:16:00,1842194,PAID,UPI,pay_wITcMpwgeGChGe
orders:709,order_000707,2026-08-11T15:04:00,214139,PAID,CARD,pay_buMYxvA5PxE8sN
orders:710,order_000708,2026-08-14T11:58:00,936754,FAILED,CARD,
orders:711,order_000709,2026-08-10T14:32:00,656749,PAID,NETBANKING,
orders:712,order_000710,2026-08-14T12:36:00,1002312,PAID,CARD,pay_UAIUh24HZdMEQH
orders:713,order_000711,2026-08-11T13:58:00,1601450,PAID,UPI,pay_xoDuVhSpCU94Ax
orders:714,order_000712,2026-08-14T14:41:00,515907,PAID,CARD,pay_AoK00i7IpX6ARL
orders:715,order_000713,2026-07-25T14:20:00,455491,PARTIAL_REFUND,UPI,pay_jKFO4Xm5l4Dakh
orders:716,order_000714,2026-07-27T11:25:00,1274697,PAID,NETBANKING,
orders:717,order_000715,2026-08-05T16:47:00,580660,PAID,CARD,pay_iUlUXL607Gfj5a
orders:718,order_000716,2026-07-30T15:20:00,1312304,PAID,CARD,pay_r8XgotFvdKH5HL
orders:719,order_000717,2026-07-26T15:20:00,65955,PAID,NETBANKING,pay_08V4UnBHrK4Nug
orders:720,order_000718,2026-07-24T16:28:00,221801,PAID,UPI,pay_6qMWg7oQrjgnJ1
orders:721,order_000719,2026-08-13T09:57:00,109620,PAID,CARD,pay_F10bxns88KBUCH
orders:722,order_000720,2026-07-19T10:28:00,33750,PAID,CARD,pay_irUQh9wZfVYoUe
orders:723,order_000721,2026-07-30T17:43:00,1191046,PARTIAL_REFUND,NETBANKING,pay_57cBg7TYHum1JQ
orders:724,order_000722,2026-08-08T16:18:00,1921337,PAID,UPI,pay_8H2UVnaBeFJNnT
orders:725,order_000723,2026-08-04T15:40:00,317161,PAID,CARD,pay_HQ9l4t1o4sQFFY
orders:726,order_000724,2026-07-31T13:06:00,1943301,PAID,UPI,pay_WWsACupQBhlD9u
orders:727,order_000725,2026-08-07T11:49:00,1870082,PAID,CARD,pay_MARpbsrGn42YAd
orders:728,order_000726,2026-07-26T15:25:00,183890,PAID,CARD,pay_drFUovO0ctCAoK
orders:729,order_000727,2026-08-05T10:39:00,924455,PAID,CARD,pay_b8UbZyfXTv6wXX
orders:730,order_000728,2026-07-22T14:34:00,1760697,PAID,UPI,pay_z3TosZk6xvAnJU
orders:731,order_000729,2026-07-16T17:06:00,599292,PAID,CARD,pay_kstboOXSpcrVh0
orders:732,order_000730,2026-08-11T13:55:00,647507,PARTIAL_REFUND,UPI,pay_TWUAbaV1IM6jgV
orders:733,order_000731,2026-07-25T15:05:00,797071,PAID,UPI,pay_Es6SIGpybFUz8x
orders:734,order_000732,2026-07-23T09:25:00,354868,PAID,NETBANKING,
orders:735,order_000733,2026-07-20T15:39:00,1766955,PAID,CARD,pay_WodXFqAtVv1jcu
orders:736,order_000734,2026-07-16T13:44:00,1584380,PAID,UPI,
orders:737,order_000735,2026-07-29T10:24:00,80291,PAID,UPI,pay_VhkmC3hc4BFkOZ
orders:738,order_000736,2026-08-02T15:25:00,486261,PAID,UPI,pay_sU74RrHuN4xKPk
orders:739,order_000737,2026-08-10T14:33:00,547431,PAID,CARD,pay_7v7VU27ikHT1Ea
orders:740,order_000738,2026-07-18T09:19:00,1212021,PAID,NETBANKING,pay_IDvgdNDMkewOJ4
orders:741,order_000739,2026-07-22T13:18:00,247305,PAID,UPI,pay_NXz7qJIPQmeLjg
orders:742,order_000740,2026-08-03T10:08:00,1473295,PAID,CARD,pay_vKX2LMr9ZV3NQ6
orders:743,order_000741,2026-07-23T12:05:00,82505,PAID,CARD,pay_3aue5diGZCBQEu
orders:744,order_000742,2026-08-02T15:24:00,574446,PAID,NETBANKING,pay_t1HuHf4M1n9k8O
orders:745,order_000743,2026-07-29T17:28:00,170982,PAID,CARD,pay_hJ5BPwlb3x2DXQ
orders:746,order_000744,2026-08-02T12:24:00,1403986,PAID,UPI,pay_amCxHmaLtvg6x6
orders:747,order_000745,2026-07-24T09:41:00,409215,PAID,UPI,pay_STqrOdK0b3T7EM
orders:748,order_000746,2026-08-08T17:51:00,17066,FAILED,UPI,
orders:749,order_000747,2026-08-13T11:45:00,1814398,PAID,NETBANKING,pay_fA12hdCOTdug2I
orders:750,order_000748,2026-08-04T09:21:00,263897,PAID,NETBANKING,pay_Tk5LU8xHa8QzA1
orders:751,order_000749,2026-08-11T17:09:00,89017,PAID,NETBANKING,pay_crMmSGAlOV118a
orders:752,order_000750,2026-07-26T16:36:00,2165537,PARTIAL_REFUND,NETBANKING,pay_fh6flUfluLO9bX
orders:753,order_000751,2026-07-17T15:45:00,64002,PAID,UPI,pay_uAo1mr4mlsqSCq
orders:754,order_000752,2026-07-27T17:28:00,87218,PAID,CARD,pay_81LyjIKnSBwPZR
orders:755,order_000753,2026-08-01T17:53:00,35468,PAID,NETBANKING,pay_XnqnDqc7hHQOlE
orders:756,order_000754,2026-08-03T15:42:00,273250,PAID,CARD,pay_gOw35akAEvvP5g
orders:757,order_000755,2026-07-30T17:11:00,1642275,FAILED,NETBANKING,
orders:758,order_000756,2026-07-30T15:46:00,162448,PAID,UPI,
orders:759,order_000757,2026-07-29T13:36:00,81857,PAID,UPI,pay_k7t4M9S8Hm8KWi
orders:760,order_000758,2026-07-17T10:19:00,312670,PAID,NETBANKING,pay_zkDaQjm4lttflp
orders:761,order_000759,2026-07-23T11:43:00,363071,PAID,CARD,pay_EkwgEJRzSn6EQy
orders:762,order_000760,2026-08-14T10:24:00,2188668,PAID,UPI,pay_zXu5s0RU3BMzIe
orders:763,order_000761,2026-08-03T09:14:00,152418,PAID,CARD,pay_xvG0aNMWz6ePoi
orders:764,order_000762,2026-07-29T10:21:00,465356,PAID,UPI,pay_styR0Ecq99Alkz
orders:765,order_000763,2026-08-10T10:22:00,1083956,PAID,NETBANKING,pay_zZZakuiKGyRDaF
orders:766,order_000764,2026-08-09T09:19:00,1014229,PAID,UPI,pay_MZZ6CGxXETv2Ix
orders:767,order_000765,2026-08-02T15:55:00,15120,PARTIAL_REFUND,NETBANKING,pay_87TLqmG0NU3DBd
orders:768,order_000766,2026-07-24T11:18:00,511014,PAID,UPI,pay_tOcMhwUcIVzplf
orders:769,order_000767,2026-08-05T16:27:00,536333,PAID,UPI,pay_Np60517U0HKDce
orders:770,order_000768,2026-08-08T10:24:00,30416,PAID,CARD,pay_7OVtBzbl8VqUPV
orders:771,order_000769,2026-07-19T12:36:00,956667,PAID,UPI,pay_I2YpSZdxKEnW7B
orders:772,order_000770,2026-07-24T17:42:00,2071681,PAID,UPI,pay_RsraAnbYAQirrD
orders:773,order_000771,2026-07-23T12:01:00,25090,PAID,NETBANKING,
orders:774,order_000772,2026-07-26T14:52:00,1828861,PAID,CARD,pay_FnISkRyqzcQ2K9
orders:775,order_000773,2026-07-27T10:13:00,353711,PAID,NETBANKING,pay_sWuCRDbjNLkNwK
orders:776,order_000774,2026-07-25T17:47:00,364983,PAID,CARD,pay_IiyM82hgznnhKs
orders:777,order_000775,2026-08-08T15:35:00,132829,PAID,UPI,pay_5MruXxOgQ4R9OW
orders:778,order_000776,2026-07-28T12:54:00,549812,PAID,UPI,pay_07Ck73lzsaI1vW
orders:779,order_000777,2026-07-19T15:37:00,449749,PAID,CARD,
orders:780,order_000778,2026-07-21T16:43:00,16282,PAID,UPI,pay_M4YPyJG3m26kDx
orders:781,order_000779,2026-08-14T12:20:00,2003082,PAID,UPI,pay_nKDDpRMCpYlDGP
orders:782,order_000780,2026-08-12T11:15:00,27121,PAID,CARD,pay_VcRRA3HE3yeYA9
orders:783,order_000781,2026-08-07T17:45:00,1717663,PAID,UPI,pay_dsZz10UXcxzT7G
orders:784,order_000782,2026-07-19T10:09:00,850412,PAID,UPI,pay_YhUkxAQvj6pYEn
orders:785,order_000783,2026-07-18T16:57:00,163831,PAID,NETBANKING,pay_qvsSCvYCSqKrMc
orders:786,order_000784,2026-07-16T12:56:00,1281144,PAID,UPI,pay_t8TkKOtETCRsjV
orders:787,order_000785,2026-07-25T15:16:00,1814297,PAID,CARD,pay_LtjLaqxUGV3HzE
orders:788,order_000786,2026-08-05T11:37:00,363266,PAID,CARD,
orders:789,order_000787,2026-07-22T12:09:00,1334768,PAID,UPI,pay_hPmwFDK6O6a1V2
orders:790,order_000788,2026-07-23T12:23:00,990063,FAILED,NETBANKING,
orders:791,order_000789,2026-07-26T17:04:00,725614,PAID,UPI,pay_VI3fZdCKHppqZV
orders:792,order_000790,2026-07-23T16:11:00,190515,PAID,UPI,pay_rfVmU16e55iHtd
orders:793,order_000791,2026-08-03T16:29:00,1532354,PAID,UPI,pay_uYOemEhCfEmgIL
orders:794,order_000792,2026-07-16T15:55:00,501890,PAID,UPI,pay_PmLZONWDaqWAMr
orders:795,order_000793,2026-07-31T17:18:00,1884071,PAID,CARD,pay_pvrRJGtOChW8lF
orders:796,order_000794,2026-07-31T16:10:00,478792,REFUNDED,UPI,pay_tg73CvORI0lmXg
orders:797,order_000795,2026-07-22T15:50:00,940042,PAID,UPI,pay_ku9HEPMYAXUro7
orders:798,order_000796,2026-07-27T11:19:00,1723746,PAID,UPI,pay_uCtBKzWAaW8zd9
orders:799,order_000797,2026-07-30T13:01:00,1104216,PAID,NETBANKING,pay_qs1xbuBYyuJJVm
orders:800,order_000798,2026-08-12T13:06:00,278258,PAID,UPI,pay_E8ULE88cXQyS96
orders:801,order_000799,2026-08-04T15:03:00,306832,REFUNDED,UPI,pay_IxC7shEi4VeuXU
orders:802,order_000800,2026-07-16T11:49:00,1549835,REFUNDED,NETBANKING,pay_TVu92x5XCV4nlu
orders:803,order_000801,2026-08-10T09:53:00,2448792,REFUNDED,CARD,pay_xbKBc9G3ZuYIFs
orders:804,order_000802,2026-08-05T12:48:00,476501,PAID,UPI,pay_rDC44VjPvelPKv
orders:805,order_000803,2026-08-11T15:56:00,229521,PAID,UPI,pay_N1ybaouBjq2oLR
orders:806,order_000804,2026-08-06T12:49:00,1997741,PAID,CARD,
orders:807,order_000805,2026-08-02T14:04:00,2157189,PAID,UPI,pay_QnmtkBro76nXwb
orders:808,order_000806,2026-07-19T15:01:00,1828148,PAID,CARD,
orders:809,order_000807,2026-08-08T17:07:00,50998,PAID,UPI,pay_FVMwVuAmnfZGxE
orders:810,order_000808,2026-07-16T09:24:00,1842206,PAID,UPI,pay_wx8t1eB82PtoSf
orders:811,order_000809,2026-07-31T09:17:00,274692,PAID,NETBANKING,pay_j2plKaiHjiSEWc
orders:812,order_000810,2026-08-08T13:23:00,76629,PAID,CARD,pay_ll7H9jVZZQlx47
orders:813,order_000811,2026-07-22T13:25:00,1774370,PAID,CARD,pay_NubYbvb4EcV3j6
orders:814,order_000812,2026-08-04T17:10:00,317097,PAID,UPI,pay_ofAeh9EDA25ICi
orders:815,order_000813,2026-07-25T16:30:00,1085605,PAID,UPI,pay_x9NQTgEFV12Kmi
orders:816,order_000814,2026-07-20T12:42:00,1293466,PAID,UPI,pay_s4NgpoqlUQtvTD
orders:817,order_000815,2026-08-13T13:48:00,364025,PAID,UPI,
orders:818,order_000816,2026-07-17T12:10:00,828298,PAID,UPI,pay_E2wmO30KzCnDNq
orders:819,order_000817,2026-08-05T17:59:00,1994561,PAID,UPI,pay_qvZ3FXJDQgQ2vW
orders:820,order_000818,2026-07-29T09:34:00,2377729,PARTIAL_REFUND,UPI,pay_1hhJTsi3wtCBJ8
orders:821,order_000819,2026-08-04T11:36:00,1606433,PAID,CARD,pay_xIoS8HkxkgRkOO
orders:822,order_000820,2026-08-09T11:34:00,116594,PAID,CARD,pay_d98zsy5HA5EDui
orders:823,order_000821,2026-07-24T17:42:00,1351841,PAID,UPI,
orders:824,order_000822,2026-08-05T15:25:00,1744820,PAID,CARD,pay_eo98ri5zhUVL8R
orders:825,order_000823,2026-07-24T14:00:00,255599,PAID,CARD,pay_gXOMEoQCt0hIVN
orders:826,order_000824,2026-08-09T14:56:00,19171,PAID,UPI,pay_15qhODBLk4TS3Y
orders:827,order_000825,2026-07-19T10:46:00,1874704,PAID,CARD,pay_p32QF1S9BAdOg3
orders:828,order_000826,2026-07-24T13:40:00,1120477,PAID,CARD,pay_qwfagTZFpLFoLB
orders:829,order_000827,2026-08-11T16:35:00,365987,PAID,CARD,pay_H37QycMgL1YP9g
orders:830,order_000828,2026-07-23T14:37:00,920984,PAID,NETBANKING,pay_0zTVcwPYC2DK3H
orders:831,order_000829,2026-08-05T15:42:00,96175,PAID,UPI,pay_O8vgs6AZbUD25q
orders:832,order_000830,2026-07-23T13:28:00,1229536,PAID,UPI,pay_OqXYknJX3JPuVz
orders:833,order_000831,2026-08-12T16:54:00,959181,PAID,UPI,pay_VZ19ou1tg6UfOz
orders:834,order_000832,2026-08-09T15:12:00,600596,PAID,UPI,pay_vZC5xWk9kubhmL
orders:835,order_000833,2026-08-02T13:48:00,408577,PAID,CARD,pay_SemffTM64Qz2qj
orders:836,order_000834,2026-07-20T15:06:00,1972110,PAID,NETBANKING,pay_sNKfuoC0cpJjQr
orders:837,order_000835,2026-07-23T12:56:00,1651554,PAID,UPI,
orders:838,order_000836,2026-08-12T17:37:00,1977199,PAID,UPI,
orders:839,order_000837,2026-07-18T11:20:00,735004,PAID,NETBANKING,pay_ig6YGTEIugZ0Mo
orders:840,order_000838,2026-08-02T12:29:00,22033,PAID,UPI,pay_NCFLBe9kbJCJPd
orders:841,order_000839,2026-07-20T10:43:00,1299179,REFUNDED,UPI,
orders:842,order_000840,2026-08-04T09:45:00,50595,PAID,NETBANKING,pay_eNeHAUkUmpMXWl
orders:843,order_000841,2026-07-31T10:21:00,419699,PARTIAL_REFUND,UPI,pay_S8RyZAySEi2vlg
orders:844,order_000842,2026-07-24T09:56:00,786324,REFUNDED,CARD,
orders:845,order_000843,2026-07-27T11:57:00,1937949,PAID,CARD,
orders:846,order_000844,2026-08-14T13:06:00,880340,PAID,UPI,pay_k5gFmMjN6v8D7Q
orders:847,order_000845,2026-07-19T17:04:00,64671,PAID,UPI,
orders:848,order_000846,2026-08-03T10:54:00,1080489,PARTIAL_REFUND,CARD,pay_6HKKSIHzWIPmsu
orders:849,order_000847,2026-08-10T13:49:00,706598,PAID,NETBANKING,pay_cm8ft5LV5KIlPu
orders:850,order_000848,2026-07-25T15:12:00,21832,PAID,UPI,
orders:851,order_000849,2026-07-21T12:45:00,118018,PARTIAL_REFUND,UPI,pay_nKONac7yn5Sh7s
orders:852,order_000850,2026-08-06T13:13:00,199682,PAID,CARD,pay_SaA0Ayr15m0XFq
orders:853,order_000851,2026-07-17T16:08:00,27359,PAID,CARD,
orders:854,order_000852,2026-07-28T13:34:00,822683,PAID,UPI,pay_gWhz044m8fJ2Fm
orders:855,order_000853,2026-07-19T10:14:00,99570,PAID,UPI,pay_WSZepBNxCVjCMX
orders:856,order_000854,2026-07-22T12:46:00,15501,REFUNDED,UPI,pay_jv38q6lwDm5Pdz
orders:857,order_000855,2026-07-21T11:35:00,1180216,REFUNDED,UPI,pay_AHIbNUkU7uxcj5
orders:858,order_000856,2026-08-05T16:59:00,213274,PAID,CARD,
orders:859,order_000857,2026-08-13T14:14:00,1342809,PAID,UPI,pay_99yq4kxVbBZtjc
orders:860,order_000858,2026-08-12T12:25:00,324550,PAID,UPI,pay_8zA4ADUCC8yDxv
orders:861,order_000859,2026-08-01T12:15:00,817812,PAID,UPI,pay_83UQYNx5DJ3WYA
orders:862,order_000860,2026-07-20T16:06:00,239127,PAID,CARD,pay_19X3NAdmnvJ4kQ
orders:863,order_000861,2026-07-30T09:44:00,1120527,PAID,UPI,pay_rVRKXjPzKYZmjA
orders:864,order_000862,2026-07-20T16:20:00,946730,PAID,CARD,pay_VO4cRgYefba633
orders:865,order_000863,2026-08-14T14:12:00,127754,PAID,NETBANKING,pay_1exN6uL51CEvTl
orders:866,order_000864,2026-07-21T11:10:00,2073875,PAID,UPI,
orders:867,order_000865,2026-08-09T09:08:00,580125,PAID,UPI,
orders:868,order_000866,2026-08-13T14:05:00,60251,REFUNDED,UPI,pay_tRz6jh7Y9Qm9Ou
orders:869,order_000867,2026-07-24T17:57:00,2053951,PAID,UPI,pay_dPpStqCBvcrVWQ
orders:870,order_000868,2026-07-17T11:55:00,832757,FAILED,CARD,
orders:871,order_000869,2026-07-25T15:12:00,18217,PAID,CARD,pay_RrSyvxZG2YBATv
orders:872,order_000870,2026-08-02T12:31:00,2088040,PAID,UPI,pay_6QfZQ6u3G5hbZi
orders:873,order_000871,2026-07-21T14:04:00,154515,PAID,UPI,pay_f3eaUaVZv36Nej
orders:874,order_000872,2026-08-05T14:50:00,51973,PAID,NETBANKING,pay_Tim6V7flfT8faB
orders:875,order_000873,2026-08-07T10:24:00,107217,PAID,UPI,pay_0mTFMTlEsURL33
orders:876,order_000874,2026-07-18T11:12:00,744999,PAID,UPI,pay_mShSWeml2uWokz
orders:877,order_000875,2026-07-29T17:40:00,171494,PAID,UPI,pay_wVpHaP49RqsWke
orders:878,order_000876,2026-08-08T09:39:00,30884,PAID,NETBANKING,pay_W5TCaVRfuLX66x
orders:879,order_000877,2026-07-18T13:46:00,1383862,PAID,UPI,pay_ExFtWFuIVmoLkc
orders:880,order_000878,2026-07-30T14:59:00,2023779,PAID,UPI,
orders:881,order_000879,2026-07-27T09:27:00,71689,PAID,CARD,pay_8lngbzEjrvmbFz
orders:882,order_000880,2026-08-02T13:14:00,1316603,PAID,UPI,pay_BB82kFQdw9ge8u
orders:883,order_000881,2026-07-23T17:31:00,15417,PAID,UPI,pay_tOkvOtRNBNhMiH
orders:884,order_000882,2026-08-07T11:23:00,24902,PAID,CARD,
orders:885,order_000883,2026-08-02T14:36:00,2036159,PAID,UPI,pay_9uYOK6oTLNp00p
orders:886,order_000884,2026-07-26T17:56:00,69693,PAID,UPI,pay_ufHFDM5589UreC
orders:887,order_000885,2026-07-24T11:23:00,166099,REFUNDED,NETBANKING,
orders:888,order_000886,2026-08-10T17:18:00,459620,PAID,UPI,pay_02atqnjsbbPPWA
orders:889,order_000887,2026-07-20T16:40:00,891340,PAID,UPI,pay_Wug7rDrmTMDskL
orders:890,order_000888,2026-08-12T14:35:00,261995,PAID,CARD,pay_UyJbOBPuzluN1W
orders:891,order_000889,2026-08-09T09:56:00,1293474,REFUNDED,CARD,pay_iFe7eijgHk8Tpf
orders:892,order_000890,2026-08-11T10:52:00,48006,PAID,UPI,pay_63qopdPRJbdP1S
orders:893,order_000891,2026-08-09T12:09:00,274177,PAID,UPI,pay_WOQzbGWsFbQTSA
orders:894,order_000892,2026-07-17T12:14:00,318337,PAID,CARD,pay_fL4xG51kznjIa6
orders:895,order_000893,2026-08-02T14:32:00,115982,PAID,UPI,pay_Mqvmu5qzhPsCbC
orders:896,order_000894,2026-08-09T15:13:00,388045,PAID,UPI,pay_gV73nmWKVVt1SR
orders:897,order_000895,2026-07-27T16:03:00,813467,PAID,CARD,pay_41qnGbtan1l3vn
orders:898,order_000896,2026-07-26T16:25:00,2122050,PAID,CARD,pay_EJMsYQ28peNg4a
orders:899,order_000897,2026-07-16T13:59:00,376522,PAID,UPI,pay_K9kgdxnPmBV4xe
orders:900,order_000898,2026-08-09T09:57:00,186526,PAID,UPI,pay_774Z6nh6OV8RYb
orders:901,order_000899,2026-07-16T10:05:00,1894996,PAID,NETBANKING,pay_LSJrrbSKEeUSjn
orders:902,order_000900,2026-07-17T16:27:00,2367172,PAID,CARD,pay_K5cQe9X4rTsUEm
orders:903,order_000901,2026-08-12T12:15:00,15009,PAID,NETBANKING,pay_Pc3K12BJ8SFYoT
orders:904,order_000902,2026-07-18T14:29:00,361231,PAID,CARD,pay_5xUJIjuVOwAlLz
orders:905,order_000903,2026-07-20T16:43:00,2311795,PAID,CARD,pay_fMq4iv7wPDCWI3
orders:906,order_000904,2026-08-01T11:38:00,1735230,PAID,UPI,pay_k2ZKi0Yn0Szf0A
orders:907,order_000905,2026-08-01T10:36:00,767939,PAID,UPI,pay_8kVoRTYvFhuU1Z
orders:908,order_000906,2026-08-11T15:14:00,428659,PAID,CARD,pay_WgoOPDj1S5WmTa
orders:909,order_000907,2026-07-31T11:58:00,248531,PAID,UPI,pay_Wzt0nIOg80mbbb
orders:910,order_000908,2026-08-09T10:04:00,50162,PAID,UPI,pay_8wQzaSMtvyxntB
orders:911,order_000909,2026-08-04T09:43:00,636237,PAID,CARD,pay_wbqSE3ZyWIXgBS
orders:912,order_000910,2026-08-06T16:01:00,605450,FAILED,UPI,
orders:913,order_000911,2026-08-13T10:30:00,32104,PAID,UPI,pay_U1TO7gDyVvpMEc
orders:914,order_000912,2026-08-12T16:13:00,15263,PAID,CARD,pay_iL3RXb7GCeGlDr
orders:915,order_000913,2026-08-02T09:16:00,678535,PAID,CARD,
orders:916,order_000914,2026-07-31T12:00:00,1632562,PAID,UPI,pay_5lXyctlov3RL2F
orders:917,order_000915,2026-08-14T10:06:00,1377097,PAID,UPI,pay_8MKbCFxYSBbTH5
orders:918,order_000916,2026-07-29T16:02:00,1239784,PAID,UPI,
orders:919,order_000917,2026-07-21T10:36:00,509532,PAID,UPI,pay_IxJqEeYQlLAhJc
orders:920,order_000918,2026-08-08T15:00:00,1558386,REFUNDED,UPI,pay_hHQrLHat4Ziu6p
orders:921,order_000919,2026-08-06T11:54:00,1452293,PAID,CARD,pay_EGeKkpOWA1Ox8o
orders:922,order_000920,2026-07-29T09:55:00,16901,PAID,UPI,pay_QU7xzCM13oV6iE
orders:923,order_000921,2026-07-29T11:15:00,629147,PAID,CARD,pay_eBMbAeJfT5XjXP
orders:924,order_000922,2026-07-30T14:19:00,2115226,PAID,CARD,pay_28EGFyW31SLSJ7
orders:925,order_000923,2026-08-03T11:30:00,610858,PARTIAL_REFUND,UPI,pay_vIHNOeqOr7r3sM
orders:926,order_000924,2026-08-06T12:49:00,63204,PAID,CARD,pay_XSsmRRxTIJunZD
orders:927,order_000925,2026-08-08T13:40:00,1565672,PAID,UPI,pay_1vl4PZFxpzETr7
orders:928,order_000926,2026-07-24T10:16:00,1657970,PAID,UPI,pay_zaemZ7q7FD7JL0
orders:929,order_000927,2026-07-24T09:27:00,895555,PAID,CARD,pay_EByuhilhxWZdc2
orders:930,order_000928,2026-07-24T11:50:00,1186901,PAID,UPI,pay_nc5QKdahvNUrsB
orders:931,order_000929,2026-08-03T13:59:00,153829,PAID,CARD,pay_bJLuWokZ90ynIN
orders:932,order_000930,2026-08-08T13:51:00,165618,PAID,CARD,pay_AopDNk5l6orgap
orders:933,order_000931,2026-08-04T15:28:00,1798949,PAID,UPI,pay_ATCCjV4y2NWybI
orders:934,order_000932,2026-07-31T15:50:00,16066,PAID,CARD,pay_GNy1CMnxjTeM1S
orders:935,order_000933,2026-07-22T12:20:00,168782,PAID,UPI,pay_s5oyM4E9bR7KpP
orders:936,order_000934,2026-07-16T15:36:00,16043,PAID,UPI,pay_BUC6BfBqworx6q
orders:937,order_000935,2026-08-03T17:38:00,1793144,PAID,CARD,pay_yxdWofT6kfNSJd
orders:938,order_000936,2026-07-30T11:18:00,207760,PAID,UPI,pay_6loAtkHeo3fNdK
orders:939,order_000937,2026-08-12T11:18:00,460193,PAID,CARD,pay_kpbZ9mMTeeXgr0
orders:940,order_000938,2026-07-30T17:48:00,72957,PAID,UPI,pay_7lpYau2kXrG0bG
orders:941,order_000939,2026-07-21T09:30:00,160442,PAID,UPI,pay_M1xKYrDpDlThTp
orders:942,order_000940,2026-07-18T15:08:00,710123,PAID,UPI,pay_FRWzJIUz4HD9P8
orders:943,order_000941,2026-08-07T15:48:00,428010,PAID,UPI,
orders:944,order_000942,2026-07-27T09:20:00,15639,PAID,CARD,pay_BXOWjC3LYWViPY
orders:945,order_000943,2026-08-13T12:57:00,411088,PAID,CARD,pay_TDx4nDiA9dp8j5
orders:946,order_000944,2026-07-17T14:29:00,1905043,PAID,UPI,pay_eMsw0GJEc732Ee
orders:947,order_000945,2026-08-01T11:00:00,1271590,PAID,UPI,pay_rdbGnOHxbCzvZN
orders:948,order_000946,2026-07-27T09:51:00,1954867,PAID,CARD,
orders:949,order_000947,2026-07-28T14:42:00,1312341,PAID,NETBANKING,pay_rjjW6mfNyrzocc
orders:950,order_000948,2026-08-03T12:26:00,817248,PAID,UPI,
orders:951,order_000949,2026-07-31T10:05:00,2025190,PAID,NETBANKING,pay_NUx2E99qKJJ450
orders:952,order_000950,2026-08-01T11:42:00,879382,PAID,NETBANKING,
orders:953,order_000951,2026-08-08T15:03:00,1866291,PAID,CARD,
orders:954,order_000952,2026-07-27T15:47:00,287609,PAID,UPI,pay_fpkNE87QeXu74d
orders:955,order_000953,2026-07-29T16:01:00,49734,PAID,UPI,pay_pF4F79zLnzB2ps
orders:956,order_000954,2026-07-21T14:37:00,40179,PAID,UPI,pay_fYVajIBF5f7YZS
orders:957,order_000955,2026-07-21T09:08:00,349277,PAID,UPI,pay_R60SwQKfck5tvg
orders:958,order_000956,2026-07-17T09:52:00,2014703,PAID,UPI,pay_0FgrLsN1He1Nsi
orders:959,order_000957,2026-07-21T17:06:00,1194791,PAID,CARD,pay_cz2vQkSEZCw8Gt
orders:960,order_000958,2026-07-29T12:50:00,125160,PAID,UPI,pay_DjTjcfdL4hjgCi
orders:961,order_000959,2026-07-26T14:37:00,485948,PAID,UPI,pay_h7PQ8QJULt7Tn5
orders:962,order_000960,2026-07-28T12:22:00,1773100,REFUNDED,UPI,pay_Zqyl0FDQ9zYT3u
orders:963,order_000961,2026-07-29T10:31:00,1957881,PAID,UPI,pay_pGMF9r6mUlAcXa
orders:964,order_000962,2026-08-04T14:21:00,1494363,PAID,UPI,pay_GmnjvRQ2VVGrHz
orders:965,order_000963,2026-08-04T12:27:00,1606511,PAID,NETBANKING,pay_D9ULJsIWDcsvbA
orders:966,order_000964,2026-08-11T15:59:00,935914,PAID,CARD,pay_o7u1LoCqt5P2c0
orders:967,order_000965,2026-07-28T13:00:00,137251,PAID,CARD,pay_0CpzaBd9eZZrI0
orders:968,order_000966,2026-08-12T13:49:00,627917,PAID,CARD,pay_LnIQJsXh2p7yJU
orders:969,order_000967,2026-07-16T15:05:00,2241587,PAID,UPI,
orders:970,order_000968,2026-07-27T10:48:00,745864,PAID,UPI,pay_JOeej3h27a9peX
orders:971,order_000969,2026-07-21T10:48:00,637401,PAID,CARD,pay_1XIDGhEQNrYfwY
orders:972,order_000970,2026-07-22T17:16:00,2090413,FAILED,NETBANKING,
orders:973,order_000971,2026-08-10T10:04:00,78886,PAID,UPI,pay_0SImE7WOwbv2yY
orders:974,order_000972,2026-08-09T15:13:00,1024885,PAID,UPI,pay_XLVSeVo1Q76XFJ
orders:975,order_000973,2026-07-27T12:57:00,102905,FAILED,UPI,
orders:976,order_000974,2026-08-03T14:01:00,1060771,PAID,NETBANKING,pay_AV1au3Dfi1gMHJ
orders:977,order_000975,2026-07-31T17:35:00,50636,PAID,NETBANKING,pay_ZcY1OuptI0Bsc2
orders:978,order_000976,2026-07-20T13:52:00,210754,PAID,UPI,pay_2AeHxeFtVtAbbs
orders:979,order_000977,2026-07-20T17:38:00,341602,PAID,CARD,pay_gqXvu4hlKnLZfo
orders:980,order_000978,2026-08-02T17:58:00,763808,PAID,UPI,pay_K3SIt6JQtg5zW7
orders:981,order_000979,2026-07-18T14:17:00,26744,REFUNDED,NETBANKING,pay_88Lag5EcEZxzIg
orders:982,order_000980,2026-07-22T11:10:00,1869292,PAID,NETBANKING,pay_GpAaRH4rKYUX1m
orders:983,order_000981,2026-07-22T15:12:00,61104,PAID,CARD,pay_LA6LsrpN24hTAq
orders:984,order_000982,2026-07-19T15:37:00,1202570,PAID,UPI,pay_Kl0PLh9QpiTcop
orders:985,order_000983,2026-07-28T11:13:00,835388,PAID,UPI,pay_PnTh1SaAgvnCjj
orders:986,order_000984,2026-07-27T14:26:00,1165127,PAID,UPI,pay_CQm2Ojnywm3Q28
orders:987,order_000985,2026-07-24T15:03:00,549048,FAILED,UPI,
orders:988,order_000986,2026-07-17T09:47:00,118253,PAID,CARD,pay_h4sjsrlBXaEYWH
orders:989,order_000987,2026-08-05T12:28:00,203770,PAID,UPI,pay_E9yrkEoC5ibXpP
orders:990,order_000988,2026-08-02T17:41:00,1307674,PAID,UPI,pay_HqSgr3QHZtVzbe
orders:991,order_000989,2026-08-13T13:16:00,1125350,PAID,UPI,
orders:992,order_000990,2026-08-09T17:26:00,589978,PAID,CARD,pay_lgUtUWBqSZrLmO
orders:993,order_000991,2026-08-03T14:06:00,110725,PAID,UPI,
orders:994,order_000992,2026-07-19T11:14:00,119390,PAID,UPI,pay_AIVegRJCTioVnn
orders:995,order_000993,2026-08-14T15:07:00,1982490,PAID,UPI,pay_5nfv7pNhfZqYMI
orders:996,order_000994,2026-07-31T13:34:00,1218320,PAID,UPI,pay_a71F0nYA4vgfGL
orders:997,order_000995,2026-07-29T14:59:00,783995,PAID,UPI,pay_kbVgOKbQrml0ko
orders:998,order_000996,2026-08-11T12:12:00,24330,PAID,UPI,pay_CoNichU6UnxOW4
orders:999,order_000997,2026-07-20T10:53:00,15144,PAID,UPI,pay_xcIlR15AgfWkne
orders:1000,order_000998,2026-08-07T11:17:00,780434,PAID,NETBANKING,pay_RH857L596Lv4Ck
orders:1001,order_000999,2026-08-03T12:28:00,1754624,PAID,UPI,pay_CruqMn7UZX1bmz
orders:1002,order_001000,2026-08-14T10:55:00,1213651,PAID,CARD,pay_5doVSI82hJEz6P
orders:1003,order_001001,2026-07-17T17:11:00,1601199,PAID,CARD,pay_p6dG2MI4epIJfv
orders:1004,order_001002,2026-07-26T17:08:00,612887,REFUNDED,UPI,pay_1niZYoSOfHjNCe
orders:1005,order_001003,2026-08-07T09:55:00,273450,FAILED,NETBANKING,
orders:1006,order_001004,2026-08-09T10:05:00,2272319,PAID,NETBANKING,pay_gCY5IPxdYOV9Mb
orders:1007,order_001005,2026-08-06T10:50:00,1422256,PAID,CARD,
orders:1008,order_001006,2026-08-11T13:32:00,260188,PAID,CARD,pay_EcGBDbcMdaQq4p
orders:1009,order_001007,2026-07-27T17:17:00,369543,PAID,CARD,pay_hpAjZrGouxQdxt
orders:1010,order_001008,2026-08-08T09:35:00,563397,FAILED,NETBANKING,
orders:1011,order_001009,2026-07-29T12:15:00,952472,PAID,UPI,pay_DNwYbXNXO8827H
orders:1012,order_001010,2026-08-10T09:59:00,173829,PAID,UPI,pay_Hh4J6HVaqOUq92
orders:1013,order_001011,2026-07-31T12:33:00,1464925,PAID,UPI,pay_HPezrpjRejSzNR
orders:1014,order_001012,2026-08-05T13:26:00,161394,PAID,UPI,pay_AWTixUU2HBngt9
orders:1015,order_001013,2026-07-17T15:18:00,327600,PAID,CARD,pay_WxWs33clzYoURx
orders:1016,order_001014,2026-07-22T09:42:00,250323,PAID,UPI,pay_Yr3sGK90HG66bX
orders:1017,order_001015,2026-08-02T17:33:00,203520,PAID,UPI,pay_UiDN1SdRSvcsRO
orders:1018,order_001016,2026-07-22T12:13:00,108842,PAID,NETBANKING,pay_HqLu4ThzUoZjZg
orders:1019,order_001017,2026-08-01T16:46:00,928956,PAID,UPI,pay_mpLfORmFnizPuo
orders:1020,order_001018,2026-08-08T10:05:00,648452,PAID,NETBANKING,pay_W9uygD9G2AXJU3
orders:1021,order_001019,2026-07-21T12:52:00,17147,PAID,UPI,pay_gvXAhJi1MH7apS
orders:1022,order_001020,2026-07-31T13:46:00,897925,PAID,UPI,pay_9U6A6a4NRnzxNY
orders:1023,order_001021,2026-07-25T10:51:00,1030594,PAID,UPI,pay_KsgIsoozHEv1bL
orders:1024,order_001022,2026-08-11T11:13:00,69344,PAID,CARD,pay_pCrvvAefq7cSV2
orders:1025,order_001023,2026-07-29T09:53:00,1519202,PAID,UPI,pay_vpF7zBB9YVcHSg
orders:1026,order_001024,2026-08-12T09:02:00,22623,PAID,UPI,pay_4nxyz4Mf03Wbyj
orders:1027,order_001025,2026-08-08T12:06:00,175356,PAID,UPI,pay_vwd0BGJlBKgFO2
orders:1028,order_001026,2026-08-13T11:39:00,1732661,PAID,UPI,pay_sV9chpt5JaYHCX
orders:1029,order_001027,2026-08-12T17:47:00,20285,PAID,CARD,pay_oPxNUhdgQxCSSb
orders:1030,order_001028,2026-08-03T10:51:00,97112,PAID,UPI,pay_bTCqLZkzWMTKN8
orders:1031,order_001029,2026-08-10T15:55:00,1728080,PAID,NETBANKING,pay_PMWMVURRW2Df4H
orders:1032,order_001030,2026-08-03T15:40:00,286197,PAID,CARD,pay_gsbXG4tKNY2m9l
orders:1033,order_001031,2026-08-09T12:18:00,2348848,PAID,NETBANKING,pay_zKJ98dANSbJEjz
orders:1034,order_001032,2026-08-13T09:41:00,130840,PAID,CARD,pay_J8UoHMouQQM6xP
orders:1035,order_001033,2026-08-13T17:48:00,2406158,PAID,UPI,pay_0a5w9A4Qhj5SKN
orders:1036,order_001034,2026-08-12T11:25:00,751754,PAID,CARD,
orders:1037,order_001035,2026-07-31T15:06:00,1949398,PAID,NETBANKING,pay_XmZHuKv7Whq1mX
orders:1038,order_001036,2026-08-03T13:54:00,2023352,PAID,CARD,pay_2b19kEWoaaQ2GB
orders:1039,order_001037,2026-07-18T09:07:00,116456,PAID,NETBANKING,pay_fQm0Nv002bd8ey
orders:1040,order_001038,2026-07-18T13:40:00,1367451,PARTIAL_REFUND,CARD,pay_dDAXl3OHm3L8CP
orders:1041,order_001039,2026-08-08T15:48:00,898636,PAID,UPI,
orders:1042,order_001040,2026-08-14T10:49:00,407208,PAID,NETBANKING,
orders:1043,order_001041,2026-07-21T12:22:00,752255,PAID,UPI,pay_fDan256kRgfMka
orders:1044,order_001042,2026-07-23T17:42:00,625728,PAID,UPI,pay_KwyhmnCe5QIstq
orders:1045,order_001043,2026-08-12T14:03:00,229817,PAID,UPI,pay_c0gBrsdpCnRq1g
orders:1046,order_001044,2026-07-20T16:47:00,87085,PAID,CARD,pay_lea1kOf4F50LI0
orders:1047,order_001045,2026-08-01T15:10:00,1355808,PAID,CARD,pay_FYURMCoWB30o30
orders:1048,order_001046,2026-08-01T11:34:00,429525,PAID,NETBANKING,pay_voKWC9VbFYSLIU
orders:1049,order_001047,2026-07-19T16:30:00,1856772,REFUNDED,NETBANKING,pay_Fp5zHXZj3YaxWa
orders:1050,order_001048,2026-08-09T14:34:00,1186980,PAID,CARD,pay_zKjUeHPX7leKiu
orders:1051,order_001049,2026-07-17T17:37:00,194172,PAID,CARD,pay_BNMIsYI3b8ki56
orders:1052,order_001050,2026-08-04T12:42:00,1300323,PAID,CARD,pay_TSqGsPit4Mv2VN
orders:1053,order_001051,2026-07-18T13:22:00,655115,PAID,CARD,pay_9ZW6cSPCfw7lp5
orders:1054,order_001052,2026-07-22T17:49:00,2182360,PAID,CARD,pay_CryXe9NeUOQDFN
orders:1055,order_001053,2026-08-12T15:32:00,73869,PAID,CARD,pay_1iuHKmFVcYPIuR
orders:1056,order_001054,2026-08-06T12:23:00,1952616,PAID,UPI,pay_Q53xWyyUNvRDKc
orders:1057,order_001055,2026-08-13T17:11:00,1820911,PAID,NETBANKING,pay_rql7HzDLzmiw00
orders:1058,order_001056,2026-08-05T11:43:00,1796680,PAID,CARD,pay_Yz13o38mI957K7
orders:1059,order_001057,2026-07-18T14:11:00,1311901,PAID,CARD,pay_7El68vyk9Kkz8L
orders:1060,order_001058,2026-08-01T14:06:00,2208781,PAID,UPI,
orders:1061,order_001059,2026-08-04T14:48:00,220121,PAID,CARD,pay_qoamtONh4R5G0K
orders:1062,order_001060,2026-07-31T16:10:00,1739415,PAID,UPI,pay_vLprYcf1xnztfu
orders:1063,order_001061,2026-07-26T12:06:00,348081,PAID,UPI,pay_4n0AEU28HgpZBC
orders:1064,order_001062,2026-08-04T13:54:00,1043418,PAID,UPI,
orders:1065,order_001063,2026-08-01T16:35:00,1747239,PAID,UPI,pay_WEarxip2GHJ2Xw
orders:1066,order_001064,2026-07-26T17:51:00,23466,PAID,NETBANKING,pay_u3XLGAYWCICrt3
orders:1067,order_001065,2026-08-01T14:47:00,1008110,PAID,NETBANKING,pay_ULB9xY3uYT1Nsl
orders:1068,order_001066,2026-08-14T10:05:00,289393,PAID,NETBANKING,pay_i72a4ccjZtxOoL
orders:1069,order_001067,2026-07-23T11:41:00,1889351,PAID,UPI,pay_enauvEcHnOOBJV
orders:1070,order_001068,2026-07-25T17:33:00,869602,PAID,CARD,pay_TFjF92S7oBC5OY
orders:1071,order_001069,2026-07-20T09:08:00,2424981,PAID,UPI,pay_Tk6xsn89eHnZ0l
orders:1072,order_001070,2026-08-08T11:12:00,929326,PAID,UPI,pay_41PaOtNfdyVa4f
orders:1073,order_001071,2026-07-21T12:45:00,16458,PAID,CARD,pay_kXEzHTfQDlYl5w
orders:1074,order_001072,2026-07-27T17:40:00,371777,PAID,UPI,pay_3K8cujNfG0X2QV
orders:1075,order_001073,2026-07-23T10:25:00,96999,PAID,UPI,pay_C9hPEleDRnmCYT
orders:1076,order_001074,2026-08-03T11:53:00,88981,PAID,UPI,pay_K9K6NnVA4k9gUB
orders:1077,order_001075,2026-07-18T13:15:00,153938,PAID,CARD,pay_kuPxS9pYK25Inu
orders:1078,order_001076,2026-07-19T16:46:00,1389280,PAID,CARD,pay_FokZzsp8bKvq3q
orders:1079,order_001077,2026-08-07T10:11:00,1801736,PAID,CARD,pay_LCalKlCekdvpQ5
orders:1080,order_001078,2026-07-31T10:13:00,1675742,PAID,CARD,
orders:1081,order_001079,2026-07-28T09:35:00,1954157,PAID,UPI,pay_qWJFMZ8R4DHGG3
orders:1082,order_001080,2026-08-07T14:42:00,154339,PAID,CARD,pay_Iz7dZ17WY0Xcmb
orders:1083,order_001081,2026-07-28T10:52:00,833326,PAID,CARD,pay_hDew13k9n3UK57
orders:1084,order_001082,2026-08-05T11:49:00,1410123,PAID,NETBANKING,pay_QbftmErP3VGmdN
orders:1085,order_001083,2026-07-29T16:05:00,635915,PAID,UPI,pay_M9hjzdOjUjhnkh
orders:1086,order_001084,2026-07-30T15:29:00,22113,PAID,NETBANKING,pay_MXVRfhhyzgi6lc
orders:1087,order_001085,2026-07-20T14:42:00,1450154,PAID,NETBANKING,pay_7pm7NVUncsKmBy
orders:1088,order_001086,2026-07-21T16:41:00,1513910,PAID,NETBANKING,pay_gjWYslgfsbYJRz
orders:1089,order_001087,2026-08-12T09:36:00,60044,PAID,NETBANKING,pay_Msyib10LmS2x9w
orders:1090,order_001088,2026-08-10T09:51:00,819178,PAID,UPI,pay_wiXSLF0bXgoDhj
orders:1091,order_001089,2026-08-02T14:34:00,1460067,PAID,UPI,
orders:1092,order_001090,2026-08-04T11:30:00,206955,PAID,UPI,pay_kMNdCUU9fBB3Lb
orders:1093,order_001091,2026-07-25T17:41:00,184360,PAID,UPI,pay_3k04ROPaoST3sc
orders:1094,order_001092,2026-07-27T15:31:00,1032342,PAID,CARD,pay_xB5YtNexCLRXwx
orders:1095,order_001093,2026-07-23T13:30:00,1645762,PAID,UPI,pay_DBahcJdXhZYGhc
orders:1096,order_001094,2026-08-10T15:35:00,409897,PAID,UPI,pay_W8fFkBHcIaHgZU
orders:1097,order_001095,2026-08-03T09:55:00,306878,PAID,NETBANKING,pay_dDfmGcACgpdDTo
orders:1098,order_001096,2026-07-25T14:33:00,113898,PAID,UPI,pay_zlhTmbbKBlwI3H
orders:1099,order_001097,2026-07-29T13:31:00,797800,PAID,UPI,pay_vmQZ3XmMzk0Z68
orders:1100,order_001098,2026-08-13T15:27:00,865857,PARTIAL_REFUND,UPI,pay_Hp1iS2EbcdrzAB
orders:1101,order_001099,2026-07-24T12:34:00,26471,PAID,NETBANKING,
orders:1102,order_001100,2026-07-21T09:16:00,18569,PAID,CARD,pay_LtP1M0F76zYMHF
orders:1103,order_001101,2026-07-30T16:43:00,378041,PAID,UPI,pay_JVsgA6y9gjnFs8
orders:1104,order_001102,2026-07-23T12:53:00,489327,PAID,UPI,pay_nVS9GQLMsLK6hN
orders:1105,order_001103,2026-08-11T13:10:00,2284964,PAID,CARD,pay_ibnDdGD05I2kgf
orders:1106,order_001104,2026-08-06T09:40:00,37463,PAID,CARD,pay_757I8ZfpxRSWNK
orders:1107,order_001105,2026-08-09T16:57:00,32326,PAID,UPI,pay_C9bU1IGOL9s7QG
orders:1108,order_001106,2026-08-02T15:57:00,62489,PAID,UPI,
orders:1109,order_001107,2026-07-16T17:11:00,182341,PAID,UPI,pay_cAEuEQf11l1myK
orders:1110,order_001108,2026-08-09T10:59:00,635465,PAID,UPI,pay_0LrYkMQBJ5GjDU
orders:1111,order_001109,2026-08-06T16:42:00,19623,REFUNDED,CARD,pay_woThq5YfYLBhwB
orders:1112,order_001110,2026-08-09T16:37:00,408946,PAID,CARD,pay_sOc4M7ASOs1Nyy
orders:1113,order_001111,2026-08-04T15:01:00,257510,PAID,UPI,pay_eCajJvgyjk7wLW
orders:1114,order_001112,2026-08-02T17:08:00,833378,PAID,UPI,pay_YXorIzISGoNc4B
orders:1115,order_001113,2026-07-20T17:28:00,463672,PAID,CARD,pay_N1eften1hL5WUp
orders:1116,order_001114,2026-08-05T11:52:00,43963,PAID,UPI,pay_nEUA5avlpc6quJ
orders:1117,order_001115,2026-08-11T09:58:00,2286835,PAID,UPI,pay_WtFjqhNgBuPc3m
orders:1118,order_001116,2026-08-03T15:25:00,1377020,PAID,UPI,pay_567VeXHiSqMIKW
orders:1119,order_001117,2026-08-14T09:55:00,769867,PAID,UPI,pay_grfCrAH2gYo1uN
orders:1120,order_001118,2026-07-24T17:27:00,962259,PAID,CARD,pay_6pSLzSNJCt7GyK
orders:1121,order_001119,2026-07-26T14:37:00,1619663,PAID,UPI,
orders:1122,order_001120,2026-07-28T09:22:00,30354,PARTIAL_REFUND,UPI,pay_RUdo1MIWXJZznA
orders:1123,order_001121,2026-07-25T17:37:00,228797,PAID,UPI,pay_yyR3rY5V3JNBBF
orders:1124,order_001122,2026-07-24T11:00:00,1875106,PAID,UPI,
orders:1125,order_001123,2026-08-10T09:27:00,1535533,PAID,UPI,pay_qZz4yYi2OlXAvS
orders:1126,order_001124,2026-07-26T14:14:00,2173138,FAILED,UPI,
orders:1127,order_001125,2026-07-29T11:54:00,72531,PAID,UPI,pay_l9WZCB94ESQEtz
orders:1128,order_001126,2026-07-28T09:06:00,1264659,PAID,UPI,
orders:1129,order_001127,2026-08-02T09:06:00,2411240,PAID,CARD,pay_ETFJim3flKM48w
orders:1130,order_001128,2026-08-14T13:28:00,429776,PAID,UPI,pay_q2kOZBejUh6kdn
orders:1131,order_001129,2026-08-13T16:21:00,1220276,PAID,UPI,
orders:1132,order_001130,2026-07-19T17:44:00,276346,PAID,NETBANKING,pay_qxZW8rdcR8BqtP
orders:1133,order_001131,2026-08-08T11:55:00,29620,PAID,UPI,
orders:1134,order_001132,2026-08-08T10:28:00,408918,PAID,CARD,pay_npQsPPRVkFkbm3
orders:1135,order_001133,2026-07-21T10:57:00,15395,PAID,CARD,pay_IdZ2eMYy9p0cqv
orders:1136,order_001134,2026-08-04T12:20:00,1725858,PAID,NETBANKING,pay_rN5ov2o4tac263
orders:1137,order_001135,2026-08-01T10:45:00,649129,PAID,UPI,pay_G5e1Bwlrqq6Q9x
orders:1138,order_001136,2026-08-02T12:52:00,1192744,PAID,CARD,
orders:1139,order_001137,2026-07-23T10:09:00,642076,PAID,CARD,pay_Qq3IVyZNKLBLHG
orders:1140,order_001138,2026-08-07T09:19:00,1243380,PAID,UPI,pay_1Egr1CRiqyocZf
orders:1141,order_001139,2026-07-28T13:11:00,118147,PAID,UPI,
orders:1142,order_001140,2026-07-16T15:58:00,812720,PAID,UPI,pay_lH3G7dTKJ7nkjh
orders:1143,order_001141,2026-07-23T11:56:00,1203825,FAILED,UPI,
orders:1144,order_001142,2026-07-28T16:27:00,2073012,PAID,UPI,pay_G1OMQ3J6ZRETyh
orders:1145,order_001143,2026-07-22T14:24:00,2105836,PAID,UPI,pay_p5Js7uPpP8fLGW
orders:1146,order_001144,2026-08-10T17:41:00,252777,PAID,UPI,pay_3Lu1RYgcamUXbD
orders:1147,order_001145,2026-07-16T14:52:00,2269516,PAID,UPI,pay_LyC1evb5ScBB5Q
orders:1148,order_001146,2026-07-16T15:58:00,33611,PAID,UPI,pay_fT158osaZCIugz
orders:1149,order_001147,2026-07-24T16:02:00,350220,PAID,CARD,pay_JWmBAJmsJjyIUK
orders:1150,order_001148,2026-08-04T16:50:00,739453,PAID,UPI,pay_JJH5OKhEHRQPFY
orders:1151,order_001149,2026-08-10T15:11:00,29938,PAID,UPI,pay_D5ybSMpib8fiB4
orders:1152,order_001150,2026-08-05T17:36:00,101686,PAID,CARD,pay_atfJ2aW85Kx7i8
orders:1153,order_001151,2026-08-01T14:07:00,225124,PAID,CARD,pay_fQViFsyMlYegIR
orders:1154,order_001152,2026-07-24T10:38:00,2210584,PAID,NETBANKING,pay_BrlkjM8EvGLeCd
orders:1155,order_001153,2026-08-13T13:46:00,2101182,PAID,NETBANKING,pay_g0JwRsxF11cuBX
orders:1156,order_001154,2026-07-20T11:54:00,15000,PAID,UPI,pay_Kb8UdeOzo7T5vA
orders:1157,order_001155,2026-07-22T11:17:00,643974,PAID,CARD,pay_6JNu4U4YradfFH
orders:1158,order_001156,2026-07-21T11:44:00,158578,PAID,UPI,pay_iAey87I77YXxaE
orders:1159,order_001157,2026-08-02T09:05:00,2375968,PAID,UPI,pay_Nl2D4Zg0QfulBf
orders:1160,order_001158,2026-07-23T16:03:00,19778,PAID,CARD,pay_DeZBLuRaa9Eq5S
orders:1161,order_001159,2026-08-01T13:35:00,228386,PAID,NETBANKING,pay_ZPjZKHDALJKn32
orders:1162,order_001160,2026-07-24T16:49:00,1349079,PAID,UPI,pay_9NYUG7jEmZtZIf
orders:1163,order_001161,2026-07-18T09:16:00,322542,REFUNDED,UPI,pay_JQNzoRleD5sn4Y
orders:1164,order_001162,2026-07-29T09:47:00,875009,PAID,UPI,pay_oTq5t7IGmJt9lu
orders:1165,order_001163,2026-08-10T13:25:00,287009,PAID,UPI,pay_dC0C7rTdzxCNvw
orders:1166,order_001164,2026-08-03T11:46:00,741887,PAID,UPI,pay_v5XugcFOStUbQM
orders:1167,order_001165,2026-07-18T10:29:00,388909,PAID,NETBANKING,pay_MRbjvZsT8CRydR
orders:1168,order_001166,2026-07-28T14:58:00,2117925,PAID,UPI,pay_rS8fRla5fQilC5
orders:1169,order_001167,2026-07-27T09:00:00,1448623,PAID,UPI,pay_S6dfuhvn3U7l64
orders:1170,order_001168,2026-08-06T13:28:00,301901,PAID,CARD,pay_Csc91FgWCTm2iD
orders:1171,order_001169,2026-08-07T14:41:00,1118650,PAID,UPI,pay_1edazs9RNntXUa
orders:1172,order_001170,2026-07-16T13:22:00,1931898,PAID,UPI,pay_BcGNSWseeItON6
orders:1173,order_001171,2026-07-26T11:34:00,1412971,PAID,UPI,pay_6xRKvjcxyecdA9
orders:1174,order_001172,2026-07-16T15:36:00,2067554,PAID,UPI,
orders:1175,order_001173,2026-08-06T11:45:00,823158,PAID,UPI,pay_stLS9x3obazFDy
orders:1176,order_001174,2026-07-26T09:13:00,1720496,PAID,UPI,pay_eFnyuqi5zlsgDI
orders:1177,order_001175,2026-07-21T11:14:00,1835897,PAID,UPI,pay_eaVYcKcP55A1Rc
orders:1178,order_001176,2026-08-02T17:58:00,161707,PAID,UPI,pay_j45hfyzCoYiN7a
orders:1179,order_001177,2026-08-14T16:21:00,801473,PAID,NETBANKING,pay_YICu2K3lfkLVLX
orders:1180,order_001178,2026-07-23T12:26:00,94782,PAID,NETBANKING,pay_a4SjDxwHleqDD4
orders:1181,order_001179,2026-08-14T16:07:00,1776163,PAID,UPI,pay_oTWJalmBS9kgPY
orders:1182,order_001180,2026-07-27T17:50:00,2072199,PAID,UPI,pay_UaRxKgBgXhGBnI
orders:1183,order_001181,2026-08-08T14:36:00,2366712,PAID,NETBANKING,pay_kTSgyJHcTdWXv6
orders:1184,order_001182,2026-08-07T12:04:00,935599,PAID,CARD,pay_jG6LE5lZGrv94t
orders:1185,order_001183,2026-08-01T11:10:00,80630,PAID,NETBANKING,
orders:1186,order_001184,2026-07-24T13:31:00,1343404,PAID,UPI,pay_7V3HVheA99xKMT
orders:1187,order_001185,2026-08-08T09:08:00,2395147,PAID,UPI,
orders:1188,order_001186,2026-07-23T14:45:00,1514672,REFUNDED,UPI,pay_iGfAv4dAqzmaR0
orders:1189,order_001187,2026-08-06T09:41:00,34976,PAID,UPI,pay_R40RVeEty3Mc38
orders:1190,order_001188,2026-07-22T10:50:00,1777390,PAID,UPI,pay_VI0reNyzkjKfZ3
orders:1191,order_001189,2026-07-16T17:03:00,1960426,PAID,UPI,pay_1A16zD9W45cyoS
orders:1192,order_001190,2026-08-01T15:23:00,854455,REFUNDED,UPI,pay_XWYqtPcC9BzmRt
orders:1193,order_001191,2026-07-29T10:05:00,177509,PAID,UPI,pay_YAQi61Vv8PJSur
orders:1194,order_001192,2026-08-12T17:40:00,618957,PAID,UPI,
orders:1195,order_001193,2026-08-04T15:16:00,300301,PAID,UPI,pay_p4iU99s8D9l4xQ
orders:1196,order_001194,2026-07-23T13:12:00,159194,PAID,UPI,pay_fT1x2QHFzbxUrx
orders:1197,order_001195,2026-08-14T13:31:00,415341,PAID,UPI,pay_T5UZrUX856Ov8m
orders:1198,order_001196,2026-08-03T16:54:00,2169795,PAID,UPI,pay_MXGy9ZeBn5rifl
orders:1199,order_001197,2026-08-07T09:36:00,2196038,PAID,UPI,
orders:1200,order_001198,2026-07-25T16:11:00,157574,PAID,UPI,
orders:1201,order_001199,2026-08-06T13:41:00,167606,PAID,CARD,pay_5k8A0htXu4tnTZ
